framework,target,rank,feature,importance,importance_share,cumulative_importance_share_after_retained,present_in_rules,retained,decision_reason,top_transformed_feature,top_transformed_importance
guidance,over,1,instance_string_total_length,0.0634659,0.06346589795090957,0.06346589795090957,True,True,rule_feature,instance_string_total_length,0.0634659
guidance,over,2,schema_keyword_count,0.048389,0.048388998437689575,0.11185489638859913,False,True,minimum_count,schema_keyword_count,0.048389
guidance,over,3,schema_total_properties_recursive,0.0466282,0.046628198494539606,0.15848309488313875,True,True,rule_feature,schema_total_properties_recursive,0.0466282
guidance,over,4,instance_string_max_length,0.0436247,0.043624698591512044,0.2021077934746508,True,True,rule_feature,instance_string_max_length,0.0436247
guidance,over,5,instance_total_object_properties_recursive,0.0424113,0.04241129863068846,0.24451909210533926,False,True,minimum_count,instance_total_object_properties_recursive,0.0424113
guidance,over,6,string_context_count,0.0383554,0.03835539876163919,0.28287449086697847,True,True,rule_feature,string_context_count,0.0383554
guidance,over,7,instance_string_count,0.0340146,0.03401459890178833,0.3168890897687668,False,True,minimum_count,instance_string_count,0.0340146
guidance,over,8,object_properties_count_max,0.0285836,0.0285835990771362,0.345472688845903,True,True,rule_feature,object_properties_count_max,0.0285836
guidance,over,9,instance_string_count_bucket,0.026223393999999997,0.02622339315333894,0.3716960819992419,True,True,rule_feature,instance_string_count_bucket_6+,0.0157648
guidance,over,10,complex_keywords_same_node_avg,0.0252784,0.02527839918384947,0.3969744811830914,True,True,rule_feature,complex_keywords_same_node_avg,0.0252784
guidance,over,11,object_properties_count_bucket,0.022479922000000006,0.02247992127420248,0.41945440245729393,False,True,minimum_count,object_properties_count_bucket_6+,0.0131999
guidance,over,12,instance_num_properties,0.0199412,0.019941199356168865,0.4393956018134628,False,True,minimum_count,instance_num_properties,0.0199412
guidance,over,13,schema_total_properties_recursive_bucket,0.019065264,0.019065263384449756,0.45846086519791257,False,True,cumulative_importance,schema_total_properties_recursive_bucket_6+,0.0136153
guidance,over,14,required_property_count_total_bucket,0.01720047,0.017200469444657387,0.47566133464256993,False,True,cumulative_importance,required_property_count_total_bucket_6+,0.00381923
guidance,over,15,object_required_count_bucket,0.016414619999999998,0.016414619470029715,0.49207595411259963,False,True,cumulative_importance,object_required_count_bucket_2,0.00334206
guidance,over,16,required_property_count_total,0.0161612,0.01616119947821176,0.5082371535908113,False,True,cumulative_importance,required_property_count_total,0.0161612
guidance,over,17,instance_total_object_properties_recursive_bucket,0.015068527,0.01506852651349032,0.5233056801043017,True,True,rule_feature,instance_total_object_properties_recursive_bucket_6+,0.010261
guidance,over,18,instance_num_numeric_values,0.0137531,0.013753099555960827,0.5370587796602625,True,True,rule_feature,instance_num_numeric_values,0.0137531
guidance,over,19,object_context_count,0.0136151,0.013615099560416361,0.5506738792206789,False,True,cumulative_importance,object_context_count,0.0136151
guidance,over,20,instance_number_count,0.0134499,0.013449899565750089,0.5641237787864289,False,False,dropped_duplicate_of_instance_num_numeric_values,instance_number_count,0.0134499
guidance,over,21,object_additionalProperties_value,0.012375338,0.01237533760044391,0.5764991163868729,False,True,cumulative_importance,object_additionalProperties_value_absent,0.00442244
guidance,over,22,object_required_count_max,0.0123039,0.012303899602750391,0.5888030159896233,False,True,cumulative_importance,object_required_count_max,0.0123039
guidance,over,23,instance_integer_count,0.0122447,0.012244699604661752,0.601047715594285,True,True,rule_feature,instance_integer_count,0.0122447
guidance,over,24,instance_max_object_depth_bucket,0.011700411,0.011700410622234928,0.61274812621652,False,True,cumulative_importance,instance_max_object_depth_bucket_2,0.0033056
guidance,over,25,schema_max_depth,0.0115752,0.01157519962627755,0.6243233258427975,False,True,cumulative_importance,schema_max_depth,0.0115752
guidance,over,26,enum_size_bucket,0.01148892,0.011488919629063227,0.6358122454718607,False,True,cumulative_importance,enum_size_bucket_0,0.00231253
guidance,over,27,instance_total_array_items_bucket,0.011450045,0.011450044630318365,0.6472622901021791,False,True,cumulative_importance,instance_total_array_items_bucket_6+,0.00305407
guidance,over,28,enum_total_values,0.0113355,0.01133549963401662,0.6585977897361956,False,True,cumulative_importance,enum_total_values,0.0113355
guidance,over,29,instance_total_array_items,0.0106952,0.01069519965468965,0.6692929893908853,False,True,cumulative_importance,instance_total_array_items,0.0106952
guidance,over,30,enum_string_values_count,0.0106312,0.010631199656755986,0.6799241890476413,False,True,cumulative_importance,enum_string_values_count,0.0106312
guidance,over,31,object_depth_max,0.00966417,0.009664169687977979,0.6895883587356193,False,True,cumulative_importance,object_depth_max,0.00966417
guidance,over,32,array_context_count,0.00953924,0.009539239692011528,0.6991275984276308,False,True,cumulative_importance,array_context_count,0.00953924
guidance,over,33,string_parent_keyword,0.009475999359999997,0.009475999054053344,0.7086035974816842,False,True,cumulative_importance,string_parent_keyword_mixed,0.00353405
guidance,over,34,instance_max_object_depth,0.00887367,0.008873669713500442,0.7174772671951847,False,True,cumulative_importance,instance_max_object_depth,0.00887367
guidance,over,35,enum_size_max,0.00875633,0.008756329717288937,0.7262335969124736,False,True,cumulative_importance,enum_size_max,0.00875633
guidance,over,36,string_validation_case,0.00872408086,0.008724080578330148,0.7349576774908038,False,True,cumulative_importance,string_validation_case_not_applicable,0.00358087
guidance,over,37,instance_array_count,0.00812931,0.008129309737533204,0.743086987228337,False,True,cumulative_importance,instance_array_count,0.00812931
guidance,over,38,instance_max_array_length_bucket,0.007896178,0.007896177745060216,0.7509831649733972,False,True,cumulative_importance,instance_max_array_length_bucket_2,0.00246591
guidance,over,39,array_items_schema_depth,0.00778884,0.007788839748525782,0.758772004721923,False,True,cumulative_importance,array_items_schema_depth,0.00778884
guidance,over,40,string_pattern_complexity_score,0.00740971,0.007409709760766554,0.7661817144826896,False,True,cumulative_importance,string_pattern_complexity_score,0.00740971
guidance,over,41,enum_context_count,0.00722792,0.007227919766635913,0.7734096342493255,False,True,cumulative_importance,enum_context_count,0.00722792
guidance,over,42,array_parent_keyword,0.006676938999999999,0.006676938784425148,0.7800865730337506,False,True,cumulative_importance,array_parent_keyword_properties,0.00209482
guidance,over,43,enum_parent_keyword,0.00657959726,0.0065795970475679725,0.7866661700813186,False,True,cumulative_importance,enum_parent_keyword_properties,0.0025137
guidance,over,44,array_items_object_properties_max,0.00644197,0.006441969792011472,0.7931081398733301,False,True,cumulative_importance,array_items_object_properties_max,0.00644197
guidance,over,45,array_nested_object_count,0.006417,0.006416999792817665,0.7995251396661477,False,True,cumulative_importance,array_nested_object_count,0.006417
guidance,over,46,string_pattern_max_length,0.00639043,0.006390429793675516,0.8059155694598232,False,True,cumulative_importance,string_pattern_max_length,0.00639043
guidance,over,47,enum_target_type,0.0063735078999999995,0.0063735076942218714,0.8122890771540451,False,True,cumulative_importance,enum_target_type_absent,0.00281314
guidance,over,48,object_parent_keyword,0.0061453642,0.006145364001587828,0.8184344411556329,False,True,cumulative_importance,object_parent_keyword_mixed,0.00310124
guidance,over,49,string_pattern_avg_length,0.00609219,0.006092189803304636,0.8245266309589375,False,True,cumulative_importance,string_pattern_avg_length,0.00609219
guidance,over,50,complex_keywords_same_node_max,0.00602391,0.006023909805509158,0.8305505407644467,False,True,cumulative_importance,complex_keywords_same_node_max,0.00602391
guidance,over,51,instance_string_max_length_bucket,0.0056083960999999995,0.005608395918924637,0.8361589366833713,False,True,cumulative_importance,instance_string_max_length_bucket_6+,0.00333569
guidance,over,52,object_required_case,0.005593334,0.00559333381941094,0.8417522705027822,False,True,cumulative_importance,object_required_case_all_required_present,0.00264778
guidance,over,53,instance_max_array_length,0.00539799,0.00539798982571791,0.8471502603285002,False,True,cumulative_importance,instance_max_array_length,0.00539799
guidance,over,54,string_format_value,0.005374990343400002,0.005374990169860489,0.8525252504983607,False,True,cumulative_importance,string_format_value_absent,0.00196054
guidance,over,55,numeric_target_type,0.005061831,0.005061830836571301,0.857587081334932,False,True,cumulative_importance,numeric_target_type_number,0.00142808
guidance,over,56,enum_validation_case,0.005046339,0.0050463388370714825,0.8626334201720035,False,True,cumulative_importance,enum_validation_case_enum_match,0.00239148
guidance,over,57,object_extra_properties_count_bucket,0.005022061,0.005022060837855334,0.8676554810098588,False,True,cumulative_importance,object_extra_properties_count_bucket_0,0.0018313
guidance,over,58,string_pattern_count,0.00496314,0.004963139839757685,0.8726186208496165,False,True,cumulative_importance,string_pattern_count,0.00496314
guidance,over,59,object_additional_properties_case,0.0048101278,0.0048101276446979105,0.8774287484943144,False,True,cumulative_importance,object_additional_properties_case_extra_allowed_or_absent,0.0020557
guidance,over,60,numeric_keywords_present,0.004258608499999999,0.004258608362504526,0.881687356856819,False,False,dropped_complex_categorical_numeric,numeric_keywords_present_minimum,0.00149068
guidance,over,61,same_node_properties_and_additionalProperties,0.00418256,0.004182559864959865,0.8858699167217788,False,True,cumulative_importance,same_node_properties_and_additionalProperties,0.00418256
guidance,over,62,array_target_type,0.004085325,0.0040853248680992405,0.889955241589878,False,True,cumulative_importance,array_target_type_array,0.00183314
guidance,over,63,object_target_type,0.0039401410641,0.003940140936886718,0.8938953825267648,False,True,cumulative_importance,object_target_type_object,0.00178842
guidance,over,64,array_validation_case,0.00383117456,0.0038311744363048635,0.8977265569630697,False,True,cumulative_importance,array_validation_case_inside_array_constraints,0.00187954
guidance,over,65,string_target_type,0.0037323831436000005,0.003732383023094491,0.9014589399861642,False,True,cumulative_importance,string_target_type_string,0.0016615
guidance,over,66,numeric_boundary_case,0.0036596628379999994,0.0036596627198423725,0.9051186027060066,False,True,cumulative_importance,numeric_boundary_case_inside_range,0.00147943
guidance,over,67,numeric_constraints_count,0.00364361,0.0036436098823606623,0.9087622125883673,False,False,dropped_duplicate_of_numeric_keyword_count,numeric_constraints_count,0.00364361
guidance,over,68,numeric_keyword_count,0.00352697,0.0035269698861265576,0.9122891824744939,False,True,cumulative_importance,numeric_keyword_count,0.00352697
guidance,over,69,string_has_minLength,0.0034734,0.0034733998878561444,0.91576258236235,False,True,cumulative_importance,string_has_minLength,0.0034734
guidance,over,70,numeric_parent_keyword,0.0033746529000000004,0.003374652791044341,0.9191372351533943,False,True,cumulative_importance,numeric_parent_keyword_properties,0.00145695
guidance,over,71,array_items_kind,0.0031378,0.0031377998986914864,0.9222750350520857,False,True,cumulative_importance,array_items_kind_absent,0.001525
guidance,over,72,object_extra_properties_count,0.00312401,0.003124009899136717,0.9253990449512225,False,True,cumulative_importance,object_extra_properties_count,0.00312401
guidance,over,73,numeric_constraints_with_integer_type,0.00290178,0.0029017799063117415,0.9283008248575343,False,True,cumulative_importance,numeric_constraints_with_integer_type,0.00290178
guidance,over,74,combinator_type,0.002693809,0.0026938089130263926,0.9309946337705607,False,True,cumulative_importance,combinator_type_absent,0.000971433
guidance,over,75,object_required_subset_of_properties,0.00253997,0.002539969917993312,0.933534603688554,False,True,cumulative_importance,object_required_subset_of_properties,0.00253997
guidance,over,76,combinator_branch_count_bucket,0.0025235196999999995,0.002523519618524434,0.9360581233070785,False,True,cumulative_importance,combinator_branch_count_bucket_2,0.000953246
guidance,over,77,same_node_properties_and_required,0.00248362,0.0024836199198126556,0.9385417432268911,False,True,cumulative_importance,same_node_properties_and_required,0.00248362
guidance,over,78,string_has_maxLength,0.00245678,0.0024567799206792243,0.9409985231475704,False,True,cumulative_importance,string_has_maxLength,0.00245678
guidance,over,79,numeric_depth,0.00242098,0.0024209799218350802,0.9434195030694055,False,True,cumulative_importance,numeric_depth,0.00242098
guidance,over,80,combinator_count,0.00219994,0.0021999399289716836,0.9456194429983772,False,True,cumulative_importance,combinator_count,0.00219994
guidance,over,81,string_has_min_and_max_length,0.00208441,0.0020844099327017407,0.947703852931079,False,True,cumulative_importance,string_has_min_and_max_length,0.00208441
guidance,over,82,array_has_minItems,0.00207727,0.002077269932932266,0.9497811228640112,False,True,cumulative_importance,array_has_minItems,0.00207727
guidance,over,83,instance_has_unmatched_keys,0.00207337,0.0020733699330581835,0.9518544927970694,False,True,cumulative_importance,instance_has_unmatched_keys,0.00207337
guidance,over,84,string_pattern_has_anchor,0.00205635,0.0020563499336076992,0.9518544927970694,False,False,dropped_low_impact,string_pattern_has_anchor,0.00205635
guidance,over,85,string_has_format,0.00200551,0.0020055099352491437,0.9518544927970694,False,False,dropped_low_impact,string_has_format,0.00200551
guidance,over,86,string_has_pattern,0.00199096,0.001990959935718912,0.9518544927970694,False,False,dropped_low_impact,string_has_pattern,0.00199096
guidance,over,87,string_pattern_has_charclass,0.00192025,0.001920249938001889,0.9518544927970694,False,False,dropped_low_impact,string_pattern_has_charclass,0.00192025
guidance,over,88,instance_type,0.00186932629738,0.0018693262370260359,0.9518544927970694,False,False,dropped_low_impact,instance_type_object,0.000986759
guidance,over,89,string_pattern_has_repetition,0.00181716,0.001817159941330302,0.9518544927970694,False,False,dropped_low_impact,string_pattern_has_repetition,0.00181716
guidance,over,90,combinator_branch_count_max,0.00159265,0.0015926499485789394,0.9518544927970694,False,False,dropped_low_impact,combinator_branch_count_max,0.00159265
guidance,over,91,anyOf_count,0.00152026,0.0015202599509161576,0.9518544927970694,False,False,dropped_low_impact,anyOf_count,0.00152026
guidance,over,92,numeric_has_default,0.00151766,0.0015176599510001026,0.9518544927970694,False,False,dropped_low_impact,numeric_has_default,0.00151766
guidance,over,93,instance_max_abs_numeric_value,0.00151693,0.0015169299510236717,0.9533714227480931,True,True,rule_feature,instance_max_abs_numeric_value,0.00151693
guidance,over,94,anyOf_satisfied_branch_count_bucket,0.0015050721,0.0015050720514065213,0.9533714227480931,False,False,dropped_low_impact,anyOf_satisfied_branch_count_bucket_0,0.00068927
guidance,over,95,combinator_branch_count_avg,0.0014726,0.0014725999524549311,0.9533714227480931,False,False,dropped_low_impact,combinator_branch_count_avg,0.0014726
guidance,over,96,instance_has_large_integer,0.00146473,0.0014647299527090257,0.9533714227480931,False,True,retained_numeric_domain_feature,instance_has_large_integer,0.00146473
guidance,over,97,object_property_count_boundary_case,0.001448117,0.0014481169532454012,0.9533714227480931,False,False,dropped_low_impact,object_property_count_boundary_case_not_applicable,0.000769423
guidance,over,98,numeric_is_in_properties,0.00144423,0.0014442299533708985,0.9533714227480931,False,True,retained_numeric_domain_feature,numeric_is_in_properties,0.00144423
guidance,over,99,combinator_branch_count_min,0.0013543,0.0013542999562744216,0.9533714227480931,False,False,dropped_low_impact,combinator_branch_count_min,0.0013543
guidance,over,100,has_minimum,0.00130102,0.0013010199579946452,0.9533714227480931,False,True,retained_numeric_domain_feature,has_minimum,0.00130102
guidance,over,101,numeric_property_required,0.00128902,0.001289019958382083,0.9533714227480931,False,True,retained_numeric_domain_feature,numeric_property_required,0.00128902
guidance,over,102,oneOf_satisfied_branch_count_bucket,0.0010863679999999999,0.0010863679649250023,0.9533714227480931,False,False,dropped_low_impact,oneOf_satisfied_branch_count_bucket_1,0.000556958
guidance,over,103,oneOf_count,0.00101246,0.0010124599673112316,0.9533714227480931,False,False,dropped_low_impact,oneOf_count,0.00101246
guidance,over,104,array_has_maxItems,0.000926104,0.0009261039700993628,0.9533714227480931,False,False,dropped_low_impact,array_has_maxItems,0.000926104
guidance,over,105,string_pattern_has_alternation,0.000906714,0.0009067139707253976,0.9533714227480931,False,False,dropped_low_impact,string_pattern_has_alternation,0.000906714
guidance,over,106,anyOf_satisfied_branch_count,0.000886654,0.0008866539713730643,0.9533714227480931,False,False,dropped_low_impact,anyOf_satisfied_branch_count,0.000886654
guidance,over,107,has_maximum,0.000885288,0.0008852879714171677,0.9533714227480931,False,True,retained_numeric_domain_feature,has_maximum,0.000885288
guidance,over,108,numeric_has_min_and_max,0.000833395,0.00083339497309261,0.9533714227480931,False,True,retained_numeric_domain_feature,numeric_has_min_and_max,0.000833395
guidance,over,109,array_has_min_and_max_items,0.000801428,0.0008014279741247117,0.9533714227480931,False,False,dropped_low_impact,array_has_min_and_max_items,0.000801428
guidance,over,110,branches_have_same_type,0.000786023,0.0007860229746220849,0.9533714227480931,False,False,dropped_low_impact,branches_have_same_type,0.000786023
guidance,over,111,has_anyOf,0.000719058,0.0007190579767841491,0.9533714227480931,False,False,dropped_low_impact,has_anyOf,0.000719058
guidance,over,112,has_oneOf,0.000670396,0.0006703959783552737,0.9533714227480931,False,False,dropped_low_impact,has_oneOf,0.000670396
guidance,over,113,branches_have_enum,0.000660436,0.000660435978676847,0.9533714227480931,False,False,dropped_low_impact,branches_have_enum,0.000660436
guidance,over,114,oneOf_satisfied_branch_count,0.000603347,0.0006033469805200497,0.9533714227480931,False,False,dropped_low_impact,oneOf_satisfied_branch_count,0.000603347
guidance,over,115,const_validation_case,0.0006009769999999999,0.0006009769805965687,0.9533714227480931,False,False,dropped_low_impact,const_validation_case_const_match,0.000304197
guidance,over,116,const_target_type,0.000590564,0.0005905639809327679,0.9533714227480931,False,False,dropped_low_impact,const_target_type_absent,0.000310176
guidance,over,117,const_type,0.0005854283700000001,0.0005854283510985794,0.9533714227480931,False,False,dropped_low_impact,const_type_str,0.000304093
guidance,over,118,object_missing_required_count_bucket,0.0005748282200000001,0.0005748282014408209,0.9533714227480931,False,False,dropped_low_impact,object_missing_required_count_bucket_0,0.000246944
guidance,over,119,const_parent_keyword,0.000555617,0.0005556169820610835,0.9533714227480931,False,False,dropped_low_impact,const_parent_keyword_properties,0.000310794
guidance,over,120,branches_have_properties,0.000536305,0.0005363049826846,0.9533714227480931,False,False,dropped_low_impact,branches_have_properties,0.000536305
guidance,over,121,branches_have_required,0.000473332,0.00047333198471777635,0.9533714227480931,False,False,dropped_low_impact,branches_have_required,0.000473332
guidance,over,122,allOf_count,0.000424013,0.0004240129863101132,0.9533714227480931,False,False,dropped_low_impact,allOf_count,0.000424013
guidance,over,123,allOf_satisfied_branch_ratio_bucket,0.000413315,0.000413314986655514,0.9533714227480931,False,False,dropped_low_impact,allOf_satisfied_branch_ratio_bucket_all,0.000210899
guidance,over,124,same_node_combinator_and_properties,0.00041309,0.00041308998666277845,0.9533714227480931,False,False,dropped_low_impact,same_node_combinator_and_properties,0.00041309
guidance,over,125,has_allOf,0.000403282,0.0004032819869794442,0.9533714227480931,False,False,dropped_low_impact,has_allOf,0.000403282
guidance,over,126,object_missing_required_count,0.000294911,0.00029491099047836226,0.9533714227480931,False,False,dropped_low_impact,object_missing_required_count,0.000294911
guidance,over,127,same_node_combinator_and_required,0.00026785,0.0002678499913520666,0.9533714227480931,False,False,dropped_low_impact,same_node_combinator_and_required,0.00026785
guidance,over,128,const_context_count,0.000256809,0.00025680899170854165,0.9533714227480931,False,False,dropped_low_impact,const_context_count,0.000256809
guidance,over,129,branches_overlapping_properties,0.000240906,0.0002409059922219935,0.9533714227480931,False,False,dropped_low_impact,branches_overlapping_properties,0.000240906
guidance,over,130,allOf_satisfied_branch_count,0.00021451,0.0002145099930742274,0.9533714227480931,False,False,dropped_low_impact,allOf_satisfied_branch_count,0.00021451
guidance,over,131,enum_contains_mixed_types,0.000200047,0.00020004699354118674,0.9533714227480931,False,False,dropped_low_impact,enum_contains_mixed_types,0.000200047
guidance,over,132,allOf_satisfied_branch_ratio,0.000180978,0.0001809779941568576,0.9533714227480931,False,False,dropped_low_impact,allOf_satisfied_branch_ratio,0.000180978
guidance,over,133,instance_has_int32_boundary_risk,0.000151299,0.00015129899511508803,0.9533714227480931,False,True,retained_numeric_domain_feature,instance_has_int32_boundary_risk,0.000151299
guidance,over,134,has_multipleOf,0.000146408,0.0001464079952730012,0.9533714227480931,False,True,retained_numeric_domain_feature,has_multipleOf,0.000146408
guidance,over,135,patternProperties_regex_complexity_score,0.000113341,0.0001133409963406182,0.9533714227480931,False,False,dropped_low_impact,patternProperties_regex_complexity_score,0.000113341
guidance,over,136,has_patternProperties,0.000107699,0.0001076989965227785,0.9533714227480931,False,False,dropped_low_impact,has_patternProperties,0.000107699
guidance,over,137,has_exclusiveMinimum,9.93501e-05,9.93500967923351e-05,0.9533714227480931,False,True,retained_numeric_domain_feature,has_exclusiveMinimum,9.93501e-05
guidance,over,138,patternProperties_occurrence_count,9.13881e-05,9.138809704940004e-05,0.9533714227480931,False,False,dropped_low_impact,patternProperties_occurrence_count,9.13881e-05
guidance,over,139,enum_contains_null,6.83809e-05,6.838089779222151e-05,0.9533714227480931,False,False,dropped_low_impact,enum_contains_null,6.83809e-05
guidance,over,140,patternProperties_pattern_count,6.07892e-05,6.078919803733077e-05,0.9533714227480931,False,False,dropped_low_impact,patternProperties_pattern_count,6.07892e-05
guidance,over,141,additionalProperties_value,5.82061e-05,5.820609812072998e-05,0.9533714227480931,False,False,dropped_low_impact,additionalProperties_value_false,4.14032e-05
guidance,over,142,patternProperties_has_additionalProperties,5.53458e-05,5.5345798213079e-05,0.9533714227480931,False,False,dropped_low_impact,patternProperties_has_additionalProperties,5.53458e-05
guidance,over,143,array_invalid_items_count_bucket,3.5883520000000004e-05,3.5883518841447496e-05,0.9533714227480931,False,False,dropped_low_impact,array_invalid_items_count_bucket_0,2.60794e-05
guidance,over,144,patternProperties_regex_has_anchor,2.78908e-05,2.7890799099504275e-05,0.9533714227480931,False,False,dropped_low_impact,patternProperties_regex_has_anchor,2.78908e-05
guidance,over,145,patternProperties_regex_has_alternation,2.2178e-05,2.2177999283950473e-05,0.9533714227480931,False,False,dropped_low_impact,patternProperties_regex_has_alternation,2.2178e-05
guidance,over,146,array_invalid_items_count,1.4141e-05,1.4140999543436902e-05,0.9533714227480931,False,False,dropped_low_impact,array_invalid_items_count,1.4141e-05
guidance,over,147,object_has_minProperties,1.50206e-06,1.5020599515037714e-06,0.9533714227480931,False,False,dropped_low_impact,object_has_minProperties,1.50206e-06
guidance,over,148,object_has_maxProperties,1.12719e-06,1.1271899636070038e-06,0.9533714227480931,False,False,dropped_low_impact,object_has_maxProperties,1.12719e-06
guidance,over,149,patternProperties_with_properties,0.0,0.0,0.9533714227480931,False,False,dropped_low_impact,patternProperties_with_properties,0.0
guidance,over,150,patternProperties_regex_has_dotstar,0.0,0.0,0.9533714227480931,False,False,dropped_low_impact,patternProperties_regex_has_dotstar,0.0
guidance,over,151,patternProperties_regex_has_charclass,0.0,0.0,0.9533714227480931,False,False,dropped_low_impact,patternProperties_regex_has_charclass,0.0
guidance,over,152,instance_matching_pattern_keys_count,0.0,0.0,0.9533714227480931,False,False,dropped_low_impact,instance_matching_pattern_keys_count,0.0
guidance,over,153,instance_matching_pattern_keys_count_bucket,0.0,0.0,0.9533714227480931,False,False,dropped_low_impact,instance_matching_pattern_keys_count_bucket_0,0.0
guidance,over,154,branches_conflicting_types,0.0,0.0,0.9533714227480931,False,False,dropped_low_impact,branches_conflicting_types,0.0
guidance,over,155,branches_have_not,0.0,0.0,0.9533714227480931,False,False,dropped_low_impact,branches_have_not,0.0
guidance,over,156,has_not,0.0,0.0,0.9533714227480931,False,False,dropped_low_impact,has_not,0.0
guidance,over,157,not_count,0.0,0.0,0.9533714227480931,False,False,dropped_low_impact,not_count,0.0
guidance,over,158,not_depth_min,0.0,0.0,0.9533714227480931,False,False,dropped_low_impact,not_depth_min,0.0
guidance,over,159,not_depth_max,0.0,0.0,0.9533714227480931,False,False,dropped_low_impact,not_depth_max,0.0
guidance,over,160,not_depth_avg,0.0,0.0,0.9533714227480931,False,False,dropped_low_impact,not_depth_avg,0.0
guidance,over,161,not_parent_keyword,0.0,0.0,0.9533714227480931,False,False,dropped_low_impact,not_parent_keyword_absent,0.0
guidance,over,162,not_target_type,0.0,0.0,0.9533714227480931,False,False,dropped_low_impact,not_target_type_absent,0.0
guidance,over,163,not_contains_enum,0.0,0.0,0.9533714227480931,False,False,dropped_low_impact,not_contains_enum,0.0
guidance,over,164,not_contains_const,0.0,0.0,0.9533714227480931,False,False,dropped_low_impact,not_contains_const,0.0
guidance,over,165,not_contains_pattern,0.0,0.0,0.9533714227480931,False,False,dropped_low_impact,not_contains_pattern,0.0
guidance,over,166,not_contains_properties,0.0,0.0,0.9533714227480931,False,False,dropped_low_impact,not_contains_properties,0.0
guidance,over,167,not_contains_required,0.0,0.0,0.9533714227480931,False,False,dropped_low_impact,not_contains_required,0.0
guidance,over,168,not_contains_anyOf,0.0,0.0,0.9533714227480931,False,False,dropped_low_impact,not_contains_anyOf,0.0
guidance,over,169,not_contains_allOf,0.0,0.0,0.9533714227480931,False,False,dropped_low_impact,not_contains_allOf,0.0
guidance,over,170,not_contains_oneOf,0.0,0.0,0.9533714227480931,False,False,dropped_low_impact,not_contains_oneOf,0.0
guidance,over,171,not_sibling_keyword_count,0.0,0.0,0.9533714227480931,False,False,dropped_low_impact,not_sibling_keyword_count,0.0
guidance,over,172,not_sibling_keyword_count_bucket,0.0,0.0,0.9533714227480931,False,False,dropped_low_impact,not_sibling_keyword_count_bucket,0.0
guidance,over,173,instance_satisfies_not_subschema,0.0,0.0,0.9533714227480931,False,False,dropped_low_impact,instance_satisfies_not_subschema_unknown,0.0
guidance,over,174,has_exclusiveMaximum,0.0,0.0,0.9533714227480931,False,True,retained_numeric_domain_feature,has_exclusiveMaximum,0.0
guidance,over,175,object_has_min_and_max_properties,0.0,0.0,0.9533714227480931,False,False,dropped_low_impact,object_has_min_and_max_properties,0.0
guidance,over,176,object_has_propertyNames,0.0,0.0,0.9533714227480931,False,False,dropped_low_impact,object_has_propertyNames,0.0
guidance,over,177,array_prefixItems_count_max,0.0,0.0,0.9533714227480931,False,False,dropped_low_impact,array_prefixItems_count_max,0.0
guidance,over,178,array_prefixItems_count_bucket,0.0,0.0,0.9533714227480931,False,False,dropped_low_impact,array_prefixItems_count_bucket_0,0.0
guidance,over,179,array_has_uniqueItems,0.0,0.0,0.9533714227480931,False,False,dropped_low_impact,array_has_uniqueItems,0.0
guidance,over,180,array_has_contains,0.0,0.0,0.9533714227480931,False,False,dropped_low_impact,array_has_contains,0.0
guidance,over,181,array_has_minContains,0.0,0.0,0.9533714227480931,False,False,dropped_low_impact,array_has_minContains,0.0
guidance,over,182,array_has_maxContains,0.0,0.0,0.9533714227480931,False,False,dropped_low_impact,array_has_maxContains,0.0
guidance,over,183,instance_strings_matching_pattern_count,0.0,0.0,0.9533714227480931,False,False,dropped_low_impact,instance_strings_matching_pattern_count,0.0
guidance,over,184,same_node_combinator_and_numeric,0.0,0.0,0.9533714227480931,False,False,dropped_low_impact,same_node_combinator_and_numeric,0.0
guidance,over,185,branches_have_different_type,0,0,,False,True,retained_combinator_domain_feature,branches_have_different_type,0
guidance,over,186,combinator_same_type_count,0,0,,False,True,retained_combinator_domain_feature,combinator_same_type_count,0
guidance,over,187,combinator_different_type_count,0,0,,False,True,retained_combinator_domain_feature,combinator_different_type_count,0
guidance,over,188,combinator_same_type_ratio,0,0,,False,True,retained_combinator_domain_feature,combinator_same_type_ratio,0
guidance,over,189,combinator_different_type_ratio,0,0,,False,True,retained_combinator_domain_feature,combinator_different_type_ratio,0
guidance,over,190,combinator_have_required_count,0,0,,False,True,retained_combinator_domain_feature,combinator_have_required_count,0
guidance,over,191,combinator_have_properties_count,0,0,,False,True,retained_combinator_domain_feature,combinator_have_properties_count,0
guidance,over,192,combinator_have_numeric_count,0,0,,False,True,retained_combinator_domain_feature,combinator_have_numeric_count,0
guidance,over,193,combinator_have_not_count,0,0,,False,True,retained_combinator_domain_feature,combinator_have_not_count,0
guidance,over,194,combinator_have_additionalProperties_count,0,0,,False,True,retained_combinator_domain_feature,combinator_have_additionalProperties_count,0
guidance,over,195,branches_with_required_count,0,0,,False,True,retained_combinator_domain_feature,branches_with_required_count,0
guidance,over,196,branches_with_properties_count,0,0,,False,True,retained_combinator_domain_feature,branches_with_properties_count,0
guidance,over,197,branches_with_numeric_count,0,0,,False,True,retained_combinator_domain_feature,branches_with_numeric_count,0
guidance,over,198,branches_with_not_count,0,0,,False,True,retained_combinator_domain_feature,branches_with_not_count,0
guidance,over,199,branches_with_additionalProperties_count,0,0,,False,True,retained_combinator_domain_feature,branches_with_additionalProperties_count,0
guidance,over,200,branches_with_additionalProperties_true_count,0,0,,False,True,retained_combinator_domain_feature,branches_with_additionalProperties_true_count,0
guidance,over,201,branches_with_additionalProperties_false_count,0,0,,False,True,retained_combinator_domain_feature,branches_with_additionalProperties_false_count,0
guidance,over,202,branches_with_additionalProperties_schema_count,0,0,,False,True,retained_combinator_domain_feature,branches_with_additionalProperties_schema_count,0
guidance,over,203,branches_with_required_ratio,0,0,,False,True,retained_combinator_domain_feature,branches_with_required_ratio,0
guidance,over,204,branches_with_properties_ratio,0,0,,False,True,retained_combinator_domain_feature,branches_with_properties_ratio,0
guidance,over,205,branches_with_numeric_ratio,0,0,,False,True,retained_combinator_domain_feature,branches_with_numeric_ratio,0
guidance,over,206,branches_with_not_ratio,0,0,,False,True,retained_combinator_domain_feature,branches_with_not_ratio,0
guidance,over,207,branches_with_additionalProperties_ratio,0,0,,False,True,retained_combinator_domain_feature,branches_with_additionalProperties_ratio,0
guidance,over,208,combinator_with_additionalProperties_true,0,0,,False,True,retained_combinator_domain_feature,combinator_with_additionalProperties_true,0
guidance,over,209,combinator_with_additionalProperties_false,0,0,,False,True,retained_combinator_domain_feature,combinator_with_additionalProperties_false,0
guidance,over,210,combinator_with_additionalProperties_schema,0,0,,False,True,retained_combinator_domain_feature,combinator_with_additionalProperties_schema,0
guidance,over,211,allOf_is_satisfied_for_instance,0,0,,False,True,retained_combinator_domain_feature,allOf_is_satisfied_for_instance,0
guidance,over,212,anyOf_is_satisfied_for_instance,0,0,,False,True,retained_combinator_domain_feature,anyOf_is_satisfied_for_instance,0
guidance,over,213,oneOf_is_satisfied_for_instance,0,0,,False,True,retained_combinator_domain_feature,oneOf_is_satisfied_for_instance,0
guidance,over,214,allOf_occurrence_satisfied_count,0,0,,False,True,retained_combinator_domain_feature,allOf_occurrence_satisfied_count,0
guidance,over,215,allOf_occurrence_failed_count,0,0,,False,True,retained_combinator_domain_feature,allOf_occurrence_failed_count,0
guidance,over,216,allOf_satisfied_all_branch_count,0,0,,False,True,retained_combinator_domain_feature,allOf_satisfied_all_branch_count,0
guidance,over,217,allOf_ratio_min,0,0,,False,True,retained_combinator_domain_feature,allOf_ratio_min,0
guidance,over,218,allOf_ratio_max,0,0,,False,True,retained_combinator_domain_feature,allOf_ratio_max,0
guidance,over,219,allOf_ratio_avg,0,0,,False,True,retained_combinator_domain_feature,allOf_ratio_avg,0
guidance,over,220,anyOf_occurrence_satisfied_count,0,0,,False,True,retained_combinator_domain_feature,anyOf_occurrence_satisfied_count,0
guidance,over,221,anyOf_occurrence_failed_count,0,0,,False,True,retained_combinator_domain_feature,anyOf_occurrence_failed_count,0
guidance,over,222,anyOf_satisfied_all_branch_count,0,0,,False,True,retained_combinator_domain_feature,anyOf_satisfied_all_branch_count,0
guidance,over,223,anyOf_ratio_min,0,0,,False,True,retained_combinator_domain_feature,anyOf_ratio_min,0
guidance,over,224,anyOf_ratio_max,0,0,,False,True,retained_combinator_domain_feature,anyOf_ratio_max,0
guidance,over,225,anyOf_ratio_avg,0,0,,False,True,retained_combinator_domain_feature,anyOf_ratio_avg,0
guidance,over,226,oneOf_occurrence_satisfied_count,0,0,,False,True,retained_combinator_domain_feature,oneOf_occurrence_satisfied_count,0
guidance,over,227,oneOf_occurrence_failed_count,0,0,,False,True,retained_combinator_domain_feature,oneOf_occurrence_failed_count,0
guidance,over,228,oneOf_satisfied_all_branch_count,0,0,,False,True,retained_combinator_domain_feature,oneOf_satisfied_all_branch_count,0
guidance,over,229,oneOf_ratio_min,0,0,,False,True,retained_combinator_domain_feature,oneOf_ratio_min,0
guidance,over,230,oneOf_ratio_max,0,0,,False,True,retained_combinator_domain_feature,oneOf_ratio_max,0
guidance,over,231,oneOf_ratio_avg,0,0,,False,True,retained_combinator_domain_feature,oneOf_ratio_avg,0
outlines,under,1,instance_string_total_length,3344.0,0.15410138248847927,0.15410138248847927,True,True,rule_feature,instance_string_total_length,3344.0
outlines,under,2,instance_string_max_length,1099.0,0.05064516129032258,0.20474654377880186,False,True,minimum_count,instance_string_max_length,1099.0
outlines,under,3,schema_keyword_count,782.0,0.03603686635944701,0.24078341013824886,False,True,minimum_count,schema_keyword_count,782.0
outlines,under,4,complex_keywords_same_node_avg,676.0,0.031152073732718895,0.2719354838709678,False,True,minimum_count,complex_keywords_same_node_avg,676.0
outlines,under,5,instance_total_object_properties_recursive,634.0,0.02921658986175115,0.3011520737327189,False,True,minimum_count,instance_total_object_properties_recursive,634.0
outlines,under,6,numeric_boundary_case,540.0,0.02488479262672811,0.326036866359447,True,True,rule_feature,numeric_boundary_case_below_min,209.0
outlines,under,7,instance_string_count,502.0,0.023133640552995393,0.3491705069124424,True,True,rule_feature,instance_string_count,502.0
outlines,under,8,instance_max_abs_numeric_value,452.0,0.020829493087557605,0.37,True,True,rule_feature,instance_max_abs_numeric_value,452.0
outlines,under,9,instance_num_properties,420.0,0.01935483870967742,0.3893548387096774,False,True,minimum_count,instance_num_properties,420.0
outlines,under,10,string_pattern_complexity_score,390.0,0.017972350230414748,0.4073271889400922,False,True,minimum_count,string_pattern_complexity_score,390.0
outlines,under,11,required_property_count_total,375.0,0.01728110599078341,0.4246082949308756,True,True,rule_feature,required_property_count_total,375.0
outlines,under,12,instance_num_numeric_values,333.0,0.015345622119815668,0.43995391705069126,False,True,minimum_count,instance_num_numeric_values,333.0
outlines,under,13,string_context_count,324.0,0.014930875576036867,0.4548847926267281,False,True,cumulative_importance,string_context_count,324.0
outlines,under,14,instance_integer_count,324.0,0.014930875576036867,0.469815668202765,False,True,cumulative_importance,instance_integer_count,324.0
outlines,under,15,string_validation_case,303.0,0.013963133640552995,0.483778801843318,True,True,rule_feature,string_validation_case_inside_string_constraints,97.0
outlines,under,16,schema_total_properties_recursive,284.0,0.013087557603686637,0.49686635944700464,False,True,cumulative_importance,schema_total_properties_recursive,284.0
outlines,under,17,string_format_value,266.0,0.012258064516129033,0.5091244239631336,True,True,rule_feature,string_format_value_date-time,126.0
outlines,under,18,array_validation_case,264.0,0.01216589861751152,0.5212903225806451,False,True,cumulative_importance,array_validation_case_inside_array_constraints,181.0
outlines,under,19,object_required_count_bucket,240.0,0.011059907834101382,0.5323502304147465,False,True,cumulative_importance,object_required_count_bucket_3,79.0
outlines,under,20,required_property_count_total_bucket,238.0,0.01096774193548387,0.5433179723502304,False,True,cumulative_importance,required_property_count_total_bucket_4-5,92.0
outlines,under,21,instance_string_count_bucket,237.0,0.010921658986175115,0.5542396313364055,False,True,cumulative_importance,instance_string_count_bucket_4-5,71.0
outlines,under,22,type_mismatch_count,230.0,0.010599078341013824,0.5648387096774193,False,True,cumulative_importance,type_mismatch_count,230.0
outlines,under,23,object_additional_properties_case,204.0,0.009400921658986176,0.5742396313364055,True,True,rule_feature,object_additional_properties_case_no_extra_properties,197.0
outlines,under,24,object_context_count,203.0,0.00935483870967742,0.583594470046083,False,True,cumulative_importance,object_context_count,203.0
outlines,under,25,string_pattern_avg_length,200.0,0.009216589861751152,0.5928110599078341,False,True,cumulative_importance,string_pattern_avg_length,200.0
outlines,under,26,object_required_count_max,197.0,0.009078341013824884,0.601889400921659,False,True,cumulative_importance,object_required_count_max,197.0
outlines,under,27,object_properties_count_max,195.0,0.008986175115207374,0.6108755760368664,False,True,cumulative_importance,object_properties_count_max,195.0
outlines,under,28,string_pattern_violation_count,188.0,0.008663594470046084,0.6195391705069124,False,True,cumulative_importance,string_pattern_violation_count,188.0
outlines,under,29,string_pattern_max_length,185.0,0.008525345622119816,0.6280645161290322,False,True,cumulative_importance,string_pattern_max_length,185.0
outlines,under,30,schema_max_depth,168.0,0.007741935483870968,0.6358064516129032,False,True,cumulative_importance,schema_max_depth,168.0
outlines,under,31,type_mismatch_count_bucket,161.0,0.007419354838709678,0.6432258064516129,False,True,cumulative_importance,type_mismatch_count_bucket_1,76.0
outlines,under,32,string_pattern_violation_count_bucket,160.0,0.007373271889400922,0.6505990783410138,True,True,rule_feature,string_pattern_violation_count_bucket_0,97.0
outlines,under,33,schema_advanced_keyword_count_bucket,157.0,0.007235023041474655,0.6578341013824884,False,True,cumulative_importance,schema_advanced_keyword_count_bucket_1,56.0
outlines,under,34,schema_advanced_keywords_present,155.0,0.007142857142857143,0.6649769585253456,False,True,cumulative_importance,schema_advanced_keywords_present_dependencies,49.0
outlines,under,35,schema_advanced_keyword_count,154.0,0.0070967741935483875,0.6720737327188939,False,True,cumulative_importance,schema_advanced_keyword_count,154.0
outlines,under,36,enum_size_bucket,154.0,0.0070967741935483875,0.6791705069124423,False,True,cumulative_importance,enum_size_bucket_1,54.0
outlines,under,37,enum_total_values,153.0,0.0070506912442396315,0.6862211981566819,False,True,cumulative_importance,enum_total_values,153.0
outlines,under,38,instance_boolean_count,153.0,0.0070506912442396315,0.6932718894009215,False,True,cumulative_importance,instance_boolean_count,153.0
outlines,under,39,additionalProperties_mode,147.0,0.0067741935483870966,0.7000460829493086,False,True,cumulative_importance,additionalProperties_mode_false,63.0
outlines,under,40,numeric_keyword_count,144.0,0.0066359447004608295,0.7066820276497694,False,True,cumulative_importance,numeric_keyword_count,144.0
outlines,under,41,instance_null_count,144.0,0.0066359447004608295,0.7133179723502302,False,True,cumulative_importance,instance_null_count,144.0
outlines,under,42,instance_total_object_properties_recursive_bucket,134.0,0.006175115207373272,0.7194930875576034,False,True,cumulative_importance,instance_total_object_properties_recursive_bucket_4-5,62.0
outlines,under,43,string_parent_keyword,133.0,0.006129032258064516,0.7256221198156679,False,True,cumulative_importance,string_parent_keyword_properties,54.0
outlines,under,44,object_extra_properties_count,133.0,0.006129032258064516,0.7317511520737324,False,True,cumulative_importance,object_extra_properties_count,133.0
outlines,under,45,instance_total_array_items_bucket,131.0,0.006036866359447004,0.7377880184331794,False,True,cumulative_importance,instance_total_array_items_bucket_2,46.0
outlines,under,46,array_invalid_items_count_bucket,128.0,0.005898617511520737,0.7436866359447002,False,True,cumulative_importance,array_invalid_items_count_bucket_1,86.0
outlines,under,47,object_missing_required_count_bucket,127.0,0.005852534562211981,0.7495391705069122,False,True,cumulative_importance,object_missing_required_count_bucket_0,68.0
outlines,under,48,string_has_minLength,120.0,0.005529953917050691,0.7550691244239629,False,True,cumulative_importance,string_has_minLength,120.0
outlines,under,49,object_properties_count_bucket,117.0,0.005391705069124424,0.7604608294930874,False,True,cumulative_importance,object_properties_count_bucket_4-5,51.0
outlines,under,50,string_length_violation_count_bucket,117.0,0.005391705069124424,0.7658525345622118,False,True,cumulative_importance,string_length_violation_count_bucket_0,117.0
outlines,under,51,object_missing_required_count,115.0,0.005299539170506912,0.7711520737327188,False,True,cumulative_importance,object_missing_required_count,115.0
outlines,under,52,instance_max_object_depth_bucket,112.0,0.005161290322580645,0.7763133640552994,False,True,cumulative_importance,instance_max_object_depth_bucket_2,80.0
outlines,under,53,object_required_case,110.0,0.005069124423963134,0.7813824884792625,False,True,cumulative_importance,object_required_case_all_required_present,58.0
outlines,under,54,schema_format_keyword_count,106.0,0.004884792626728111,0.7862672811059906,False,True,cumulative_importance,schema_format_keyword_count,106.0
outlines,under,55,object_depth_max,105.0,0.004838709677419355,0.79110599078341,False,True,cumulative_importance,object_depth_max,105.0
outlines,under,56,enum_target_type,104.0,0.004792626728110599,0.7958986175115207,False,True,cumulative_importance,enum_target_type_absent,39.0
outlines,under,57,string_length_violation_count,104.0,0.004792626728110599,0.8006912442396313,False,True,cumulative_importance,string_length_violation_count,104.0
outlines,under,58,string_pattern_count,103.0,0.004746543778801843,0.8054377880184331,False,True,cumulative_importance,string_pattern_count,103.0
outlines,under,59,instance_max_object_depth,98.0,0.004516129032258065,0.8099539170506912,False,True,cumulative_importance,instance_max_object_depth,98.0
outlines,under,60,schema_ref_count,96.0,0.004423963133640553,0.8143778801843318,False,True,cumulative_importance,schema_ref_count,96.0
outlines,under,61,schema_total_properties_recursive_bucket,96.0,0.004423963133640553,0.8188018433179723,False,True,cumulative_importance,schema_total_properties_recursive_bucket_1,38.0
outlines,under,62,string_pattern_has_anchor,95.0,0.004377880184331797,0.8231797235023042,False,True,cumulative_importance,string_pattern_has_anchor,95.0
outlines,under,63,complex_keywords_same_node_max,95.0,0.004377880184331797,0.827557603686636,False,True,cumulative_importance,complex_keywords_same_node_max,95.0
outlines,under,64,instance_matching_pattern_keys_count,93.0,0.004285714285714286,0.8318433179723503,False,True,cumulative_importance,instance_matching_pattern_keys_count,93.0
outlines,under,65,enum_type_match_but_value_mismatch,92.0,0.00423963133640553,0.8360829493087558,False,True,cumulative_importance,enum_type_match_but_value_mismatch,92.0
outlines,under,66,array_length_violation_count_bucket,86.0,0.003963133640552996,0.8400460829493088,False,True,cumulative_importance,array_length_violation_count_bucket_0,86.0
outlines,under,67,enum_value_mismatch_count_bucket,82.0,0.0037788018433179723,0.8438248847926269,False,True,cumulative_importance,enum_value_mismatch_count_bucket_0,53.0
outlines,under,68,numeric_constraints_with_integer_type,77.0,0.0035483870967741938,0.847373271889401,False,True,cumulative_importance,numeric_constraints_with_integer_type,77.0
outlines,under,69,enum_size_max,77.0,0.0035483870967741938,0.8509216589861752,False,True,cumulative_importance,enum_size_max,77.0
outlines,under,70,instance_max_array_length_bucket,73.0,0.0033640552995391707,0.8542857142857144,False,True,cumulative_importance,instance_max_array_length_bucket_3,35.0
outlines,under,71,numeric_depth,71.0,0.003271889400921659,0.8575576036866361,True,True,rule_feature,numeric_depth,71.0
outlines,under,72,schema_boolean_schema_count,69.0,0.0031797235023041477,0.8607373271889402,False,True,cumulative_importance,schema_boolean_schema_count,69.0
outlines,under,73,numeric_has_default,69.0,0.0031797235023041477,0.8639170506912444,False,True,cumulative_importance,numeric_has_default,69.0
outlines,under,74,numeric_property_required,67.0,0.003087557603686636,0.867004608294931,True,True,retained_numeric_domain_feature,numeric_property_required,67.0
outlines,under,75,instance_matching_pattern_keys_count_bucket,66.0,0.00304147465437788,0.8700460829493089,True,True,rule_feature,instance_matching_pattern_keys_count_bucket_0,51.0
outlines,under,76,oneOf_satisfied_branch_ratio,65.0,0.0029953917050691246,0.873041474654378,False,True,cumulative_importance,oneOf_satisfied_branch_ratio,65.0
outlines,under,77,object_extra_properties_count_bucket,64.0,0.0029493087557603687,0.8759907834101384,True,True,rule_feature,object_extra_properties_count_bucket_1,38.0
outlines,under,78,instance_array_count,63.0,0.002903225806451613,0.87889400921659,False,True,cumulative_importance,instance_array_count,63.0
outlines,under,79,patternProperties_anchor_mix,62.0,0.002857142857142857,0.8817511520737329,False,True,cumulative_importance,patternProperties_anchor_mix_none_anchored,53.0
outlines,under,80,numeric_parent_keyword,61.0,0.0028110599078341016,0.884562211981567,False,True,cumulative_importance,numeric_parent_keyword_mixed,29.0
outlines,under,81,enum_context_count,61.0,0.0028110599078341016,0.8873732718894012,False,True,cumulative_importance,enum_context_count,61.0
outlines,under,82,instance_total_array_items,61.0,0.0028110599078341016,0.8901843317972353,False,True,cumulative_importance,instance_total_array_items,61.0
outlines,under,83,object_required_subset_of_properties,58.0,0.002672811059907834,0.8928571428571431,False,True,cumulative_importance,object_required_subset_of_properties,58.0
outlines,under,84,same_node_combinator_and_properties,56.0,0.0025806451612903226,0.8954377880184334,True,True,rule_feature,same_node_combinator_and_properties,56.0
outlines,under,85,schema_dependency_keyword_count,55.0,0.002534562211981567,0.897972350230415,False,True,cumulative_importance,schema_dependency_keyword_count,55.0
outlines,under,86,array_items_object_properties_max,55.0,0.002534562211981567,0.9005069124423966,False,True,cumulative_importance,array_items_object_properties_max,55.0
outlines,under,87,string_has_maxLength,54.0,0.002488479262672811,0.9029953917050694,False,True,cumulative_importance,string_has_maxLength,54.0
outlines,under,88,instance_max_array_length,54.0,0.002488479262672811,0.9054838709677422,False,True,cumulative_importance,instance_max_array_length,54.0
outlines,under,89,array_nested_object_count,52.0,0.0023963133640552995,0.9078801843317975,False,True,cumulative_importance,array_nested_object_count,52.0
outlines,under,90,numeric_keywords_present,51.0,0.002350230414746544,0.9102304147465441,False,False,dropped_complex_categorical_numeric,numeric_keywords_present_exclusiveMinimum,27.0
outlines,under,91,type_validation_case,51.0,0.002350230414746544,0.9125806451612907,False,True,cumulative_importance,type_validation_case_type_match,23.0
outlines,under,92,schema_nullable_type_count,50.0,0.002304147465437788,0.9148847926267285,False,True,cumulative_importance,schema_nullable_type_count,50.0
outlines,under,93,string_has_min_and_max_length,50.0,0.002304147465437788,0.9171889400921663,False,True,cumulative_importance,string_has_min_and_max_length,50.0
outlines,under,94,array_parent_keyword,48.0,0.0022119815668202765,0.9194009216589866,False,True,cumulative_importance,array_parent_keyword_properties,20.0
outlines,under,95,object_target_type,47.0,0.002165898617511521,0.921566820276498,False,True,cumulative_importance,object_target_type_absent,25.0
outlines,under,96,string_pattern_has_charclass,47.0,0.002165898617511521,0.9237327188940095,False,True,cumulative_importance,string_pattern_has_charclass,47.0
outlines,under,97,array_items_schema_depth,47.0,0.002165898617511521,0.925898617511521,False,True,cumulative_importance,array_items_schema_depth,47.0
outlines,under,98,enum_validation_case,43.0,0.001981566820276498,0.9278801843317975,False,True,cumulative_importance,enum_validation_case_enum_match,29.0
outlines,under,99,array_invalid_items_count,43.0,0.001981566820276498,0.929861751152074,False,True,cumulative_importance,array_invalid_items_count,43.0
outlines,under,100,array_context_count,42.0,0.001935483870967742,0.9317972350230418,False,True,cumulative_importance,array_context_count,42.0
outlines,under,101,enum_parent_keyword,40.0,0.0018433179723502304,0.9336405529953921,False,True,cumulative_importance,enum_parent_keyword_properties,29.0
outlines,under,102,patternProperties_with_properties,39.0,0.0017972350230414747,0.9354377880184336,False,True,cumulative_importance,patternProperties_with_properties,39.0
outlines,under,103,string_pattern_has_repetition,38.0,0.001751152073732719,0.9371889400921662,False,True,cumulative_importance,string_pattern_has_repetition,38.0
outlines,under,104,schema_type_union_count,36.0,0.0016589861751152074,0.9388479262672814,False,True,cumulative_importance,schema_type_union_count,36.0
outlines,under,105,instance_empty_object_count,36.0,0.0016589861751152074,0.9405069124423966,False,True,cumulative_importance,instance_empty_object_count,36.0
outlines,under,106,patternProperties_regex_complexity_score,34.0,0.0015668202764976959,0.9420737327188943,False,True,cumulative_importance,patternProperties_regex_complexity_score,34.0
outlines,under,107,combinator_count,34.0,0.0015668202764976959,0.943640552995392,False,True,cumulative_importance,combinator_count,34.0
outlines,under,108,enum_value_mismatch_count,34.0,0.0015668202764976959,0.9452073732718896,False,True,cumulative_importance,enum_value_mismatch_count,34.0
outlines,under,109,anyOf_branch_count,34.0,0.0015668202764976959,0.9467741935483873,False,True,cumulative_importance,anyOf_branch_count,34.0
outlines,under,110,array_has_minItems,33.0,0.00152073732718894,0.9482949308755763,False,True,cumulative_importance,array_has_minItems,33.0
outlines,under,111,array_has_maxItems,33.0,0.00152073732718894,0.9498156682027652,False,True,cumulative_importance,array_has_maxItems,33.0
outlines,under,112,patternProperties_regex_has_dotstar,32.0,0.0014746543778801843,0.9512903225806454,False,True,cumulative_importance,patternProperties_regex_has_dotstar,32.0
outlines,under,113,string_target_type,32.0,0.0014746543778801843,0.9512903225806454,False,False,dropped_low_impact,string_target_type_string,26.0
outlines,under,114,anyOf_satisfied_branch_count,32.0,0.0014746543778801843,0.9512903225806454,False,False,dropped_low_impact,anyOf_satisfied_branch_count,32.0
outlines,under,115,combinator_branch_count_bucket,32.0,0.0014746543778801843,0.9512903225806454,False,False,dropped_low_impact,combinator_branch_count_bucket_2,31.0
outlines,under,116,instance_empty_array_count,31.0,0.0014285714285714286,0.9512903225806454,False,False,dropped_low_impact,instance_empty_array_count,31.0
outlines,under,117,extra_properties_disallowed_count_bucket,31.0,0.0014285714285714286,0.9512903225806454,False,False,dropped_low_impact,extra_properties_disallowed_count_bucket_1,18.0
outlines,under,118,object_parent_keyword,30.0,0.0013824884792626728,0.9512903225806454,False,False,dropped_low_impact,object_parent_keyword_mixed,27.0
outlines,under,119,string_pattern_has_alternation,29.0,0.001336405529953917,0.9512903225806454,False,False,dropped_low_impact,string_pattern_has_alternation,29.0
outlines,under,120,has_exclusiveMinimum,29.0,0.001336405529953917,0.9512903225806454,False,True,retained_numeric_domain_feature,has_exclusiveMinimum,29.0
outlines,under,121,combinator_depth_min,28.0,0.0012903225806451613,0.9512903225806454,False,False,dropped_low_impact,combinator_depth_min,28.0
outlines,under,122,unmatched_keys_allowed_by_additionalProperties_bucket,28.0,0.0012903225806451613,0.9512903225806454,False,False,dropped_low_impact,unmatched_keys_allowed_by_additionalProperties_bucket_1,19.0
outlines,under,123,object_property_count_boundary_case,26.0,0.0011981566820276498,0.9512903225806454,False,False,dropped_low_impact,object_property_count_boundary_case_inside_property_count_bounds,21.0
outlines,under,124,has_minimum,25.0,0.001152073732718894,0.9512903225806454,False,True,retained_numeric_domain_feature,has_minimum,25.0
outlines,under,125,oneOf_satisfied_branch_count,25.0,0.001152073732718894,0.9512903225806454,False,False,dropped_low_impact,oneOf_satisfied_branch_count,25.0
outlines,under,126,string_has_pattern,24.0,0.0011059907834101382,0.9512903225806454,False,False,dropped_low_impact,string_has_pattern,24.0
outlines,under,127,oneOf_branch_count,24.0,0.0011059907834101382,0.9512903225806454,False,False,dropped_low_impact,oneOf_branch_count,24.0
outlines,under,128,anyOf_satisfied_branch_count_bucket,24.0,0.0011059907834101382,0.9512903225806454,False,False,dropped_low_impact,anyOf_satisfied_branch_count_bucket_1,16.0
outlines,under,129,patternProperties_unanchored_count,23.0,0.0010599078341013825,0.9512903225806454,False,False,dropped_low_impact,patternProperties_unanchored_count,23.0
outlines,under,130,has_multipleOf,23.0,0.0010599078341013825,0.9512903225806454,False,True,retained_numeric_domain_feature,has_multipleOf,23.0
outlines,under,131,instance_has_unmatched_keys,23.0,0.0010599078341013825,0.9512903225806454,False,False,dropped_low_impact,instance_has_unmatched_keys,23.0
outlines,under,132,combinator_branch_count_min,22.0,0.0010138248847926267,0.9512903225806454,False,False,dropped_low_impact,combinator_branch_count_min,22.0
outlines,under,133,instance_number_count,21.0,0.000967741935483871,0.9522580645161293,True,False,dropped_duplicate_of_instance_num_numeric_values,instance_number_count,21.0
outlines,under,134,array_length_violation_count,21.0,0.000967741935483871,0.9522580645161293,False,False,dropped_low_impact,array_length_violation_count,21.0
outlines,under,135,instance_string_max_length_bucket,21.0,0.000967741935483871,0.9522580645161293,False,False,dropped_low_impact,instance_string_max_length_bucket_4-5,14.0
outlines,under,136,schema_defs_count,20.0,0.0009216589861751152,0.9522580645161293,False,False,dropped_low_impact,schema_defs_count,20.0
outlines,under,137,numeric_target_type,20.0,0.0009216589861751152,0.9522580645161293,False,False,dropped_low_impact,numeric_target_type_integer,8.0
outlines,under,138,enum_string_values_count,20.0,0.0009216589861751152,0.9522580645161293,False,False,dropped_low_impact,enum_string_values_count,20.0
outlines,under,139,unmatched_keys_allowed_by_additionalProperties,20.0,0.0009216589861751152,0.9522580645161293,False,False,dropped_low_impact,unmatched_keys_allowed_by_additionalProperties,20.0
outlines,under,140,branches_have_required,19.0,0.0008755760368663594,0.9522580645161293,False,False,dropped_low_impact,branches_have_required,19.0
outlines,under,141,same_node_combinator_and_required,19.0,0.0008755760368663594,0.9522580645161293,False,False,dropped_low_impact,same_node_combinator_and_required,19.0
outlines,under,142,anyOf_count,17.0,0.0007834101382488479,0.9522580645161293,False,False,dropped_low_impact,anyOf_count,17.0
outlines,under,143,oneOf_satisfied_branch_count_bucket,17.0,0.0007834101382488479,0.9522580645161293,False,False,dropped_low_impact,oneOf_satisfied_branch_count_bucket_1,11.0
outlines,under,144,branches_have_pattern,16.0,0.0007373271889400922,0.9522580645161293,False,False,dropped_low_impact,branches_have_pattern,16.0
outlines,under,145,same_node_properties_and_required,16.0,0.0007373271889400922,0.9522580645161293,False,False,dropped_low_impact,same_node_properties_and_required,16.0
outlines,under,146,numeric_is_in_properties,15.0,0.0006912442396313364,0.9522580645161293,False,True,retained_numeric_domain_feature,numeric_is_in_properties,15.0
outlines,under,147,patternProperties_occurrence_count,12.0,0.0005529953917050691,0.9522580645161293,False,False,dropped_low_impact,patternProperties_occurrence_count,12.0
outlines,under,148,combinator_type,12.0,0.0005529953917050691,0.9522580645161293,False,False,dropped_low_impact,combinator_type_anyOf,7.0
outlines,under,149,combinator_depth_avg,11.0,0.0005069124423963134,0.9522580645161293,False,False,dropped_low_impact,combinator_depth_avg,11.0
outlines,under,150,object_has_minProperties,11.0,0.0005069124423963134,0.9522580645161293,False,False,dropped_low_impact,object_has_minProperties,11.0
outlines,under,151,missing_required_count_bucket,11.0,0.0005069124423963134,0.9522580645161293,False,False,dropped_low_impact,missing_required_count_bucket_0,6.0
outlines,under,152,numeric_constraints_count,10.0,0.0004608294930875576,0.9522580645161293,False,False,dropped_low_impact,numeric_constraints_count,10.0
outlines,under,153,numeric_has_min_and_max,10.0,0.0004608294930875576,0.9522580645161293,False,True,retained_numeric_domain_feature,numeric_has_min_and_max,10.0
outlines,under,154,oneOf_count,9.0,0.00041474654377880184,0.9522580645161293,False,False,dropped_low_impact,oneOf_count,9.0
outlines,under,155,anyOf_satisfied_branch_ratio,9.0,0.00041474654377880184,0.9522580645161293,False,False,dropped_low_impact,anyOf_satisfied_branch_ratio,9.0
outlines,under,156,not_sibling_keyword_count,8.0,0.0003686635944700461,0.9522580645161293,False,False,dropped_low_impact,not_sibling_keyword_count,8.0
outlines,under,157,combinator_depth_max,8.0,0.0003686635944700461,0.9522580645161293,False,False,dropped_low_impact,combinator_depth_max,8.0
outlines,under,158,array_target_type,8.0,0.0003686635944700461,0.9522580645161293,False,False,dropped_low_impact,array_target_type_array,8.0
outlines,under,159,object_additionalProperties_value,7.0,0.0003225806451612903,0.9522580645161293,False,False,dropped_low_impact,object_additionalProperties_value_mixed,3.0
outlines,under,160,missing_required_count,7.0,0.0003225806451612903,0.9522580645161293,False,False,dropped_low_impact,missing_required_count,7.0
outlines,under,161,branches_have_properties,6.0,0.00027649769585253456,0.9522580645161293,False,False,dropped_low_impact,branches_have_properties,6.0
outlines,under,162,branches_have_numeric,6.0,0.00027649769585253456,0.9522580645161293,False,False,dropped_low_impact,branches_have_numeric,6.0
outlines,under,163,has_maximum,6.0,0.00027649769585253456,0.9522580645161293,False,True,retained_numeric_domain_feature,has_maximum,6.0
outlines,under,164,same_node_properties_and_additionalProperties,6.0,0.00027649769585253456,0.9522580645161293,False,False,dropped_low_impact,same_node_properties_and_additionalProperties,6.0
outlines,under,165,allOf_count,5.0,0.0002304147465437788,0.9522580645161293,False,False,dropped_low_impact,allOf_count,5.0
outlines,under,166,branches_overlapping_properties,5.0,0.0002304147465437788,0.9522580645161293,False,False,dropped_low_impact,branches_overlapping_properties,5.0
outlines,under,167,string_has_format,5.0,0.0002304147465437788,0.9522580645161293,False,False,dropped_low_impact,string_has_format,5.0
outlines,under,168,array_items_kind,5.0,0.0002304147465437788,0.9522580645161293,False,False,dropped_low_impact,array_items_kind_schema,5.0
outlines,under,169,same_node_oneOf_and_required,5.0,0.0002304147465437788,0.9522580645161293,False,False,dropped_low_impact,same_node_oneOf_and_required,5.0
outlines,under,170,extra_properties_disallowed_count,5.0,0.0002304147465437788,0.9522580645161293,False,False,dropped_low_impact,extra_properties_disallowed_count,5.0
outlines,under,171,allOf_failed_branch_count_for_instance,5.0,0.0002304147465437788,0.9522580645161293,False,False,dropped_low_impact,allOf_failed_branch_count_for_instance,5.0
outlines,under,172,patternProperties_regex_has_anchor,4.0,0.00018433179723502304,0.9522580645161293,False,False,dropped_low_impact,patternProperties_regex_has_anchor,4.0
outlines,under,173,combinator_branch_count_max,4.0,0.00018433179723502304,0.9522580645161293,False,False,dropped_low_impact,combinator_branch_count_max,4.0
outlines,under,174,instance_has_large_integer,4.0,0.00018433179723502304,0.9522580645161293,False,True,retained_numeric_domain_feature,instance_has_large_integer,4.0
outlines,under,175,instance_nested_array_count,4.0,0.00018433179723502304,0.9522580645161293,False,False,dropped_low_impact,instance_nested_array_count,4.0
outlines,under,176,oneOf_matched_branch_count,4.0,0.00018433179723502304,0.9522580645161293,False,False,dropped_low_impact,oneOf_matched_branch_count,4.0
outlines,under,177,allOf_satisfied_branch_ratio_bucket,4.0,0.00018433179723502304,0.9522580645161293,False,False,dropped_low_impact,allOf_satisfied_branch_ratio_bucket_partial,4.0
outlines,under,178,combinator_with_additionalProperties,3.0,0.00013824884792626728,0.9522580645161293,False,False,dropped_low_impact,combinator_with_additionalProperties,3.0
outlines,under,179,not_contains_required,3.0,0.00013824884792626728,0.9522580645161293,False,False,dropped_low_impact,not_contains_required,3.0
outlines,under,180,combinator_branch_count_avg,3.0,0.00013824884792626728,0.9522580645161293,False,False,dropped_low_impact,combinator_branch_count_avg,3.0
outlines,under,181,branches_have_same_type,3.0,0.00013824884792626728,0.9522580645161293,False,False,dropped_low_impact,branches_have_same_type,3.0
outlines,under,182,has_anyOf,3.0,0.00013824884792626728,0.9522580645161293,False,False,dropped_low_impact,has_anyOf,3.0
outlines,under,183,instance_has_int32_boundary_risk,3.0,0.00013824884792626728,0.9522580645161293,False,True,retained_numeric_domain_feature,instance_has_int32_boundary_risk,3.0
outlines,under,184,anyOf_matched_branch_count,3.0,0.00013824884792626728,0.9522580645161293,False,False,dropped_low_impact,anyOf_matched_branch_count,3.0
outlines,under,185,patternProperties_pattern_count,2.0,9.216589861751152e-05,0.9522580645161293,False,False,dropped_low_impact,patternProperties_pattern_count,2.0
outlines,under,186,not_count,2.0,9.216589861751152e-05,0.9522580645161293,False,False,dropped_low_impact,not_count,2.0
outlines,under,187,branches_have_enum,2.0,9.216589861751152e-05,0.9522580645161293,False,False,dropped_low_impact,branches_have_enum,2.0
outlines,under,188,has_patternProperties,2.0,9.216589861751152e-05,0.9522580645161293,False,False,dropped_low_impact,has_patternProperties,2.0
outlines,under,189,same_node_properties_and_patternProperties,2.0,9.216589861751152e-05,0.9522580645161293,False,False,dropped_low_impact,same_node_properties_and_patternProperties,2.0
outlines,under,190,allOf_satisfied_branch_ratio,2.0,9.216589861751152e-05,0.9522580645161293,False,False,dropped_low_impact,allOf_satisfied_branch_ratio,2.0
outlines,under,191,additionalProperties_value,1.0,4.608294930875576e-05,0.9522580645161293,False,False,dropped_low_impact,additionalProperties_value_absent,1.0
outlines,under,192,patternProperties_regex_has_charclass,1.0,4.608294930875576e-05,0.9522580645161293,False,False,dropped_low_impact,patternProperties_regex_has_charclass,1.0
outlines,under,193,not_depth_min,1.0,4.608294930875576e-05,0.9522580645161293,False,False,dropped_low_impact,not_depth_min,1.0
outlines,under,194,array_has_min_and_max_items,1.0,4.608294930875576e-05,0.9522580645161293,False,False,dropped_low_impact,array_has_min_and_max_items,1.0
outlines,under,195,has_oneOf,1.0,4.608294930875576e-05,0.9522580645161293,False,False,dropped_low_impact,has_oneOf,1.0
outlines,under,196,schema_conditional_keyword_count,0.0,0.0,0.9522580645161293,False,False,dropped_low_impact,schema_conditional_keyword_count,0.0
outlines,under,197,schema_unevaluated_keyword_count,0.0,0.0,0.9522580645161293,False,False,dropped_low_impact,schema_unevaluated_keyword_count,0.0
outlines,under,198,schema_propertyNames_count,0.0,0.0,0.9522580645161293,False,False,dropped_low_impact,schema_propertyNames_count,0.0
outlines,under,199,schema_contains_keyword_count,0.0,0.0,0.9522580645161293,False,False,dropped_low_impact,schema_contains_keyword_count,0.0
outlines,under,200,patternProperties_has_additionalProperties,0.0,0.0,0.9522580645161293,False,False,dropped_low_impact,patternProperties_has_additionalProperties,0.0
outlines,under,201,patternProperties_regex_has_alternation,0.0,0.0,0.9522580645161293,False,False,dropped_low_impact,patternProperties_regex_has_alternation,0.0
outlines,under,202,additionalProperties_schema_depth,0.0,0.0,0.9522580645161293,False,False,dropped_low_impact,additionalProperties_schema_depth,0.0
outlines,under,203,combinator_with_patternProperties,0.0,0.0,0.9522580645161293,False,False,dropped_low_impact,combinator_with_patternProperties,0.0
outlines,under,204,not_depth_max,0.0,0.0,0.9522580645161293,False,False,dropped_low_impact,not_depth_max,0.0
outlines,under,205,not_depth_avg,0.0,0.0,0.9522580645161293,False,False,dropped_low_impact,not_depth_avg,0.0
outlines,under,206,not_parent_keyword,0.0,0.0,0.9522580645161293,False,False,dropped_low_impact,not_parent_keyword_absent,0.0
outlines,under,207,not_target_type,0.0,0.0,0.9522580645161293,False,False,dropped_low_impact,not_target_type_absent,0.0
outlines,under,208,not_contains_enum,0.0,0.0,0.9522580645161293,False,False,dropped_low_impact,not_contains_enum,0.0
outlines,under,209,not_contains_const,0.0,0.0,0.9522580645161293,False,False,dropped_low_impact,not_contains_const,0.0
outlines,under,210,not_contains_pattern,0.0,0.0,0.9522580645161293,False,False,dropped_low_impact,not_contains_pattern,0.0
outlines,under,211,not_contains_properties,0.0,0.0,0.9522580645161293,False,False,dropped_low_impact,not_contains_properties,0.0
outlines,under,212,not_contains_numeric,0.0,0.0,0.9522580645161293,False,False,dropped_low_impact,not_contains_numeric,0.0
outlines,under,213,not_contains_anyOf,0.0,0.0,0.9522580645161293,False,False,dropped_low_impact,not_contains_anyOf,0.0
outlines,under,214,not_contains_allOf,0.0,0.0,0.9522580645161293,False,False,dropped_low_impact,not_contains_allOf,0.0
outlines,under,215,not_contains_oneOf,0.0,0.0,0.9522580645161293,False,False,dropped_low_impact,not_contains_oneOf,0.0
outlines,under,216,branches_conflicting_types,0.0,0.0,0.9522580645161293,False,False,dropped_low_impact,branches_conflicting_types,0.0
outlines,under,217,branches_have_not,0.0,0.0,0.9522580645161293,False,False,dropped_low_impact,branches_have_not,0.0
outlines,under,218,branches_have_const,0.0,0.0,0.9522580645161293,False,False,dropped_low_impact,branches_have_const,0.0
outlines,under,219,branches_have_object_bounds,0.0,0.0,0.9522580645161293,False,False,dropped_low_impact,branches_have_object_bounds,0.0
outlines,under,220,object_has_maxProperties,0.0,0.0,0.9522580645161293,False,False,dropped_low_impact,object_has_maxProperties,0.0
outlines,under,221,object_has_min_and_max_properties,0.0,0.0,0.9522580645161293,False,False,dropped_low_impact,object_has_min_and_max_properties,0.0
outlines,under,222,object_has_propertyNames,0.0,0.0,0.9522580645161293,False,False,dropped_low_impact,object_has_propertyNames,0.0
outlines,under,223,enum_contains_null,0.0,0.0,0.9522580645161293,False,False,dropped_low_impact,enum_contains_null,0.0
outlines,under,224,enum_contains_mixed_types,0.0,0.0,0.9522580645161293,False,False,dropped_low_impact,enum_contains_mixed_types,0.0
outlines,under,225,const_context_count,0.0,0.0,0.9522580645161293,False,False,dropped_low_impact,const_context_count,0.0
outlines,under,226,const_target_type,0.0,0.0,0.9522580645161293,False,False,dropped_low_impact,const_target_type_absent,0.0
outlines,under,227,const_parent_keyword,0.0,0.0,0.9522580645161293,False,False,dropped_low_impact,const_parent_keyword_absent,0.0
outlines,under,228,const_type,0.0,0.0,0.9522580645161293,False,False,dropped_low_impact,const_type_absent,0.0
outlines,under,229,array_prefixItems_count_max,0.0,0.0,0.9522580645161293,False,False,dropped_low_impact,array_prefixItems_count_max,0.0
outlines,under,230,array_has_uniqueItems,0.0,0.0,0.9522580645161293,False,False,dropped_low_impact,array_has_uniqueItems,0.0
outlines,under,231,array_has_contains,0.0,0.0,0.9522580645161293,False,False,dropped_low_impact,array_has_contains,0.0
outlines,under,232,array_has_minContains,0.0,0.0,0.9522580645161293,False,False,dropped_low_impact,array_has_minContains,0.0
outlines,under,233,array_has_maxContains,0.0,0.0,0.9522580645161293,False,False,dropped_low_impact,array_has_maxContains,0.0
outlines,under,234,has_exclusiveMaximum,0.0,0.0,0.9522580645161293,False,True,retained_numeric_domain_feature,has_exclusiveMaximum,0.0
outlines,under,235,has_not,0.0,0.0,0.9522580645161293,False,False,dropped_low_impact,has_not,0.0
outlines,under,236,has_allOf,0.0,0.0,0.9522580645161293,False,False,dropped_low_impact,has_allOf,0.0
outlines,under,237,same_node_not_and_enum,0.0,0.0,0.9522580645161293,False,False,dropped_low_impact,same_node_not_and_enum,0.0
outlines,under,238,same_node_not_and_type,0.0,0.0,0.9522580645161293,False,False,dropped_low_impact,same_node_not_and_type,0.0
outlines,under,239,same_node_not_and_pattern,0.0,0.0,0.9522580645161293,False,False,dropped_low_impact,same_node_not_and_pattern,0.0
outlines,under,240,same_node_allOf_and_not,0.0,0.0,0.9522580645161293,False,False,dropped_low_impact,same_node_allOf_and_not,0.0
outlines,under,241,same_node_allOf_and_required,0.0,0.0,0.9522580645161293,False,False,dropped_low_impact,same_node_allOf_and_required,0.0
outlines,under,242,same_node_allOf_and_properties,0.0,0.0,0.9522580645161293,False,False,dropped_low_impact,same_node_allOf_and_properties,0.0
outlines,under,243,same_node_not_and_properties,0.0,0.0,0.9522580645161293,False,False,dropped_low_impact,same_node_not_and_properties,0.0
outlines,under,244,same_node_not_and_required,0.0,0.0,0.9522580645161293,False,False,dropped_low_impact,same_node_not_and_required,0.0
outlines,under,245,same_node_patternProperties_and_additionalProperties,0.0,0.0,0.9522580645161293,False,False,dropped_low_impact,same_node_patternProperties_and_additionalProperties,0.0
outlines,under,246,same_node_minProperties_and_required,0.0,0.0,0.9522580645161293,False,False,dropped_low_impact,same_node_minProperties_and_required,0.0
outlines,under,247,same_node_combinator_and_patternProperties,0.0,0.0,0.9522580645161293,False,False,dropped_low_impact,same_node_combinator_and_patternProperties,0.0
outlines,under,248,same_node_combinator_and_numeric,0.0,0.0,0.9522580645161293,False,False,dropped_low_impact,same_node_combinator_and_numeric,0.0
outlines,under,249,instance_type,0.0,0.0,0.9522580645161293,False,False,dropped_low_impact,instance_type_object,0.0
outlines,under,250,instance_strings_matching_pattern_count,0.0,0.0,0.9522580645161293,False,False,dropped_low_impact,instance_strings_matching_pattern_count,0.0
outlines,under,251,object_property_bound_violation_count,0.0,0.0,0.9522580645161293,False,False,dropped_low_impact,object_property_bound_violation_count,0.0
outlines,under,252,const_validation_case,0.0,0.0,0.9522580645161293,False,False,dropped_low_impact,const_validation_case_const_match,0.0
outlines,under,253,const_mismatch_count,0.0,0.0,0.9522580645161293,False,False,dropped_low_impact,const_mismatch_count,0.0
outlines,under,254,array_unique_items_violation_count,0.0,0.0,0.9522580645161293,False,False,dropped_low_impact,array_unique_items_violation_count,0.0
outlines,under,255,array_contains_violation_count,0.0,0.0,0.9522580645161293,False,False,dropped_low_impact,array_contains_violation_count,0.0
outlines,under,256,pattern_key_search_vs_fullmatch_mismatch_count,0.0,0.0,0.9522580645161293,False,False,dropped_low_impact,pattern_key_search_vs_fullmatch_mismatch_count,0.0
outlines,under,257,pattern_key_partial_match_ratio,0.0,0.0,0.9522580645161293,False,False,dropped_low_impact,pattern_key_partial_match_ratio,0.0
outlines,under,258,unmatched_key_count_when_additionalProperties_true,0.0,0.0,0.9522580645161293,False,False,dropped_low_impact,unmatched_key_count_when_additionalProperties_true,0.0
outlines,under,259,instance_satisfies_not_subschema,0.0,0.0,0.9522580645161293,False,False,dropped_low_impact,instance_satisfies_not_subschema_false,0.0
outlines,under,260,allOf_satisfied_branch_count,0.0,0.0,0.9522580645161293,False,False,dropped_low_impact,allOf_satisfied_branch_count,0.0
outlines,under,261,allOf_matched_branch_count,0.0,0.0,0.9522580645161293,False,False,dropped_low_impact,allOf_matched_branch_count,0.0
outlines,under,262,allOf_branch_count,0.0,0.0,0.9522580645161293,False,False,dropped_low_impact,allOf_branch_count,0.0
outlines,under,263,oneOf_valid_branch_count_for_instance,0.0,0.0,0.9522580645161293,False,False,dropped_low_impact,oneOf_valid_branch_count_for_instance,0.0
outlines,under,264,anyOf_valid_branch_count_for_instance,0.0,0.0,0.9522580645161293,False,False,dropped_low_impact,anyOf_valid_branch_count_for_instance,0.0
outlines,under,265,schema_keyword_count_bucket,0.0,0.0,0.9522580645161293,False,False,dropped_low_impact,schema_keyword_count_bucket_1,0.0
outlines,under,266,pattern_key_search_vs_fullmatch_mismatch_count_bucket,0.0,0.0,0.9522580645161293,False,False,dropped_low_impact,pattern_key_search_vs_fullmatch_mismatch_count_bucket_0,0.0
outlines,under,267,object_property_bound_violation_count_bucket,0.0,0.0,0.9522580645161293,False,False,dropped_low_impact,object_property_bound_violation_count_bucket_0,0.0
outlines,under,268,array_contains_violation_count_bucket,0.0,0.0,0.9522580645161293,False,False,dropped_low_impact,array_contains_violation_count_bucket_0,0.0
outlines,under,269,array_prefixItems_count_bucket,0.0,0.0,0.9522580645161293,False,False,dropped_low_impact,array_prefixItems_count_bucket_0,0.0
outlines,under,270,allOf_satisfied_branch_count_bucket,0.0,0.0,0.9522580645161293,False,False,dropped_low_impact,allOf_satisfied_branch_count_bucket,0.0
outlines,under,271,branches_have_different_type,0,0,,False,True,retained_combinator_domain_feature,branches_have_different_type,0
outlines,under,272,combinator_same_type_count,0,0,,False,True,retained_combinator_domain_feature,combinator_same_type_count,0
outlines,under,273,combinator_different_type_count,0,0,,False,True,retained_combinator_domain_feature,combinator_different_type_count,0
outlines,under,274,combinator_same_type_ratio,0,0,,False,True,retained_combinator_domain_feature,combinator_same_type_ratio,0
outlines,under,275,combinator_different_type_ratio,0,0,,False,True,retained_combinator_domain_feature,combinator_different_type_ratio,0
outlines,under,276,combinator_have_required_count,0,0,,False,True,retained_combinator_domain_feature,combinator_have_required_count,0
outlines,under,277,combinator_have_properties_count,0,0,,False,True,retained_combinator_domain_feature,combinator_have_properties_count,0
outlines,under,278,combinator_have_numeric_count,0,0,,False,True,retained_combinator_domain_feature,combinator_have_numeric_count,0
outlines,under,279,combinator_have_not_count,0,0,,False,True,retained_combinator_domain_feature,combinator_have_not_count,0
outlines,under,280,combinator_have_additionalProperties_count,0,0,,False,True,retained_combinator_domain_feature,combinator_have_additionalProperties_count,0
outlines,under,281,branches_with_required_count,0,0,,False,True,retained_combinator_domain_feature,branches_with_required_count,0
outlines,under,282,branches_with_properties_count,0,0,,False,True,retained_combinator_domain_feature,branches_with_properties_count,0
outlines,under,283,branches_with_numeric_count,0,0,,False,True,retained_combinator_domain_feature,branches_with_numeric_count,0
outlines,under,284,branches_with_not_count,0,0,,False,True,retained_combinator_domain_feature,branches_with_not_count,0
outlines,under,285,branches_with_additionalProperties_count,0,0,,False,True,retained_combinator_domain_feature,branches_with_additionalProperties_count,0
outlines,under,286,branches_with_additionalProperties_true_count,0,0,,False,True,retained_combinator_domain_feature,branches_with_additionalProperties_true_count,0
outlines,under,287,branches_with_additionalProperties_false_count,0,0,,False,True,retained_combinator_domain_feature,branches_with_additionalProperties_false_count,0
outlines,under,288,branches_with_additionalProperties_schema_count,0,0,,False,True,retained_combinator_domain_feature,branches_with_additionalProperties_schema_count,0
outlines,under,289,branches_with_required_ratio,0,0,,False,True,retained_combinator_domain_feature,branches_with_required_ratio,0
outlines,under,290,branches_with_properties_ratio,0,0,,False,True,retained_combinator_domain_feature,branches_with_properties_ratio,0
outlines,under,291,branches_with_numeric_ratio,0,0,,False,True,retained_combinator_domain_feature,branches_with_numeric_ratio,0
outlines,under,292,branches_with_not_ratio,0,0,,False,True,retained_combinator_domain_feature,branches_with_not_ratio,0
outlines,under,293,branches_with_additionalProperties_ratio,0,0,,False,True,retained_combinator_domain_feature,branches_with_additionalProperties_ratio,0
outlines,under,294,combinator_with_additionalProperties_true,0,0,,False,True,retained_combinator_domain_feature,combinator_with_additionalProperties_true,0
outlines,under,295,combinator_with_additionalProperties_false,0,0,,False,True,retained_combinator_domain_feature,combinator_with_additionalProperties_false,0
outlines,under,296,combinator_with_additionalProperties_schema,0,0,,False,True,retained_combinator_domain_feature,combinator_with_additionalProperties_schema,0
outlines,under,297,allOf_is_satisfied_for_instance,0,0,,False,True,retained_combinator_domain_feature,allOf_is_satisfied_for_instance,0
outlines,under,298,anyOf_is_satisfied_for_instance,0,0,,False,True,retained_combinator_domain_feature,anyOf_is_satisfied_for_instance,0
outlines,under,299,oneOf_is_satisfied_for_instance,0,0,,False,True,retained_combinator_domain_feature,oneOf_is_satisfied_for_instance,0
outlines,under,300,allOf_occurrence_satisfied_count,0,0,,False,True,retained_combinator_domain_feature,allOf_occurrence_satisfied_count,0
outlines,under,301,allOf_occurrence_failed_count,0,0,,False,True,retained_combinator_domain_feature,allOf_occurrence_failed_count,0
outlines,under,302,allOf_satisfied_all_branch_count,0,0,,False,True,retained_combinator_domain_feature,allOf_satisfied_all_branch_count,0
outlines,under,303,allOf_ratio_min,0,0,,False,True,retained_combinator_domain_feature,allOf_ratio_min,0
outlines,under,304,allOf_ratio_max,0,0,,False,True,retained_combinator_domain_feature,allOf_ratio_max,0
outlines,under,305,allOf_ratio_avg,0,0,,False,True,retained_combinator_domain_feature,allOf_ratio_avg,0
outlines,under,306,anyOf_occurrence_satisfied_count,0,0,,False,True,retained_combinator_domain_feature,anyOf_occurrence_satisfied_count,0
outlines,under,307,anyOf_occurrence_failed_count,0,0,,False,True,retained_combinator_domain_feature,anyOf_occurrence_failed_count,0
outlines,under,308,anyOf_satisfied_all_branch_count,0,0,,False,True,retained_combinator_domain_feature,anyOf_satisfied_all_branch_count,0
outlines,under,309,anyOf_ratio_min,0,0,,False,True,retained_combinator_domain_feature,anyOf_ratio_min,0
outlines,under,310,anyOf_ratio_max,0,0,,False,True,retained_combinator_domain_feature,anyOf_ratio_max,0
outlines,under,311,anyOf_ratio_avg,0,0,,False,True,retained_combinator_domain_feature,anyOf_ratio_avg,0
outlines,under,312,oneOf_occurrence_satisfied_count,0,0,,False,True,retained_combinator_domain_feature,oneOf_occurrence_satisfied_count,0
outlines,under,313,oneOf_occurrence_failed_count,0,0,,False,True,retained_combinator_domain_feature,oneOf_occurrence_failed_count,0
outlines,under,314,oneOf_satisfied_all_branch_count,0,0,,False,True,retained_combinator_domain_feature,oneOf_satisfied_all_branch_count,0
outlines,under,315,oneOf_ratio_min,0,0,,False,True,retained_combinator_domain_feature,oneOf_ratio_min,0
outlines,under,316,oneOf_ratio_max,0,0,,False,True,retained_combinator_domain_feature,oneOf_ratio_max,0
outlines,under,317,oneOf_ratio_avg,0,0,,False,True,retained_combinator_domain_feature,oneOf_ratio_avg,0
outlines,over,1,unmatched_keys_allowed_by_additionalProperties_bucket,0.22234743999999998,0.22234738496902218,0.22234738496902218,True,True,rule_feature,unmatched_keys_allowed_by_additionalProperties_bucket_0,0.148884
outlines,over,2,instance_has_unmatched_keys,0.14077,0.14076996515943363,0.3631173501284558,False,True,minimum_count,instance_has_unmatched_keys,0.14077
outlines,over,3,unmatched_keys_allowed_by_additionalProperties,0.12233,0.12232996972333249,0.4854473198517883,True,True,rule_feature,unmatched_keys_allowed_by_additionalProperties,0.12233
outlines,over,4,instance_num_properties,0.103865,0.10386497429341886,0.5893122941452071,True,True,rule_feature,instance_num_properties,0.103865
outlines,over,5,unmatched_key_count_when_additionalProperties_true,0.0803227,0.08032268012013666,0.6696349742653438,False,True,minimum_count,unmatched_key_count_when_additionalProperties_true,0.0803227
outlines,over,6,additionalProperties_mode,0.038446720000000004,0.03844671048443916,0.708081684749783,True,True,rule_feature,additionalProperties_mode_false,0.0135385
outlines,over,7,branches_have_same_type,0.030303,0.030302992500009354,0.7383846772497923,True,True,rule_feature,branches_have_same_type,0.030303
outlines,over,8,combinator_type,0.01659783,0.016597825892038093,0.7549825031418304,True,True,rule_feature,combinator_type_absent,0.00768659
outlines,over,9,combinator_branch_count_bucket,0.016061269,0.016061265024836905,0.7710437681666673,False,True,minimum_count,combinator_branch_count_bucket_0,0.00761868
outlines,over,10,patternProperties_regex_complexity_score,0.0151965,0.01519649623886718,0.7862402644055345,True,True,rule_feature,patternProperties_regex_complexity_score,0.0151965
outlines,over,11,combinator_branch_count_max,0.0150627,0.015062696271982671,0.8013029606775172,False,True,minimum_count,combinator_branch_count_max,0.0150627
outlines,over,12,patternProperties_anchor_mix,0.014099709000000002,0.014099705510322887,0.8154026661878401,False,True,minimum_count,patternProperties_anchor_mix_absent,0.00946607
outlines,over,13,combinator_count,0.0133675,0.013367496691544568,0.8287701628793847,True,True,rule_feature,combinator_count,0.0133675
outlines,over,14,patternProperties_occurrence_count,0.0118499,0.011849897067150476,0.8406200599465351,False,True,cumulative_importance,patternProperties_occurrence_count,0.0118499
outlines,over,15,combinator_branch_count_avg,0.0112836,0.01128359720730969,0.8519036571538448,True,True,rule_feature,combinator_branch_count_avg,0.0112836
outlines,over,16,instance_matching_pattern_keys_count_bucket,0.010547502999999998,0.01054750038949365,0.8624511575433385,False,True,cumulative_importance,instance_matching_pattern_keys_count_bucket_0,0.00650877
outlines,over,17,patternProperties_pattern_count,0.010441,0.010440997415853139,0.8728921549591916,False,True,cumulative_importance,patternProperties_pattern_count,0.010441
outlines,over,18,combinator_branch_count_min,0.00985473,0.009854727560954929,0.8827468825201465,False,True,cumulative_importance,combinator_branch_count_min,0.00985473
outlines,over,19,allOf_count,0.00958531,0.00958530762763636,0.8923321901477829,True,True,rule_feature,allOf_count,0.00958531
outlines,over,20,has_patternProperties,0.00865966,0.00865965785673468,0.9009918480045176,False,True,cumulative_importance,has_patternProperties,0.00865966
outlines,over,21,has_allOf,0.00855908,0.008559077881628224,0.9095509258861458,False,True,cumulative_importance,has_allOf,0.00855908
outlines,over,22,instance_matching_pattern_keys_count,0.00831535,0.008315347941951386,0.9178662738280973,False,True,cumulative_importance,instance_matching_pattern_keys_count,0.00831535
outlines,over,23,branches_have_properties,0.00805802,0.008058018005640544,0.9259242918337378,True,True,rule_feature,branches_have_properties,0.00805802
outlines,over,24,oneOf_count,0.00709681,0.0070968082435399595,0.9330211000772778,False,True,cumulative_importance,oneOf_count,0.00709681
outlines,over,25,patternProperties_with_properties,0.00703884,0.007038838257887531,0.9400599383351653,False,True,cumulative_importance,patternProperties_with_properties,0.00703884
outlines,over,26,branches_have_required,0.0054406,0.005440598653451833,0.9455005369886171,False,True,cumulative_importance,branches_have_required,0.0054406
outlines,over,27,patternProperties_regex_has_anchor,0.00493727,0.004937268778025977,0.9504378057666432,False,True,cumulative_importance,patternProperties_regex_has_anchor,0.00493727
outlines,over,28,oneOf_satisfied_branch_count_bucket,0.00480928,0.0048092788097034945,0.9552470845763467,False,True,importance_share,oneOf_satisfied_branch_count_bucket_1,0.00256128
outlines,over,29,has_oneOf,0.0047206,0.004720598831651789,0.9599676834079984,False,True,importance_share,has_oneOf,0.0047206
outlines,over,30,anyOf_satisfied_branch_count_bucket,0.004060272,0.004060270995082929,0.9640279544030813,False,True,importance_share,anyOf_satisfied_branch_count_bucket_1,0.00184593
outlines,over,31,anyOf_count,0.00382765,0.0038276490526568596,0.9678556034557382,False,True,importance_share,anyOf_count,0.00382765
outlines,over,32,additionalProperties_value,0.00377436,0.003774359065846131,0.9716299625215843,False,True,importance_share,additionalProperties_value_false,0.00189518
outlines,over,33,patternProperties_unanchored_count,0.00325444,0.003254439194526299,0.9748844017161106,False,True,importance_share,patternProperties_unanchored_count,0.00325444
outlines,over,34,oneOf_satisfied_branch_count,0.00288969,0.0028896892848019017,0.9748844017161106,False,False,dropped_low_impact,oneOf_satisfied_branch_count,0.00288969
outlines,over,35,branches_have_enum,0.0024019,0.0024018994055298973,0.9748844017161106,False,False,dropped_low_impact,branches_have_enum,0.0024019
outlines,over,36,patternProperties_regex_has_charclass,0.00182996,0.001829959547085012,0.9748844017161106,False,False,dropped_low_impact,patternProperties_regex_has_charclass,0.00182996
outlines,over,37,anyOf_satisfied_branch_count,0.00182837,0.001828369547478537,0.9748844017161106,False,False,dropped_low_impact,anyOf_satisfied_branch_count,0.00182837
outlines,over,38,branches_overlapping_properties,0.00159643,0.0015964296048836728,0.9748844017161106,False,False,dropped_low_impact,branches_overlapping_properties,0.00159643
outlines,over,39,additionalProperties_schema_depth,0.00157448,0.0015744796103162964,0.9748844017161106,False,False,dropped_low_impact,additionalProperties_schema_depth,0.00157448
outlines,over,40,has_anyOf,0.00154747,0.0015474696170012696,0.9748844017161106,False,False,dropped_low_impact,has_anyOf,0.00154747
outlines,over,41,combinator_with_additionalProperties,0.00153821,0.001538209619293119,0.9764226113354036,True,True,rule_feature,combinator_with_additionalProperties,0.00153821
outlines,over,42,patternProperties_has_additionalProperties,0.00143742,0.001437419644238638,0.9764226113354036,False,False,dropped_low_impact,patternProperties_has_additionalProperties,0.00143742
outlines,over,43,allOf_satisfied_branch_ratio_bucket,0.001104546,0.0011045457266249327,0.9764226113354036,False,False,dropped_low_impact,allOf_satisfied_branch_ratio_bucket_all,0.000625462
outlines,over,44,patternProperties_regex_has_dotstar,0.000998898,0.0009988977527728062,0.9764226113354036,False,False,dropped_low_impact,patternProperties_regex_has_dotstar,0.000998898
outlines,over,45,patternProperties_regex_has_alternation,0.000993465,0.0009934647541174732,0.9764226113354036,False,False,dropped_low_impact,patternProperties_regex_has_alternation,0.000993465
outlines,over,46,allOf_satisfied_branch_count,0.000922355,0.000922354771717194,0.9764226113354036,False,False,dropped_low_impact,allOf_satisfied_branch_count,0.000922355
outlines,over,47,allOf_satisfied_branch_ratio,0.000522641,0.0005226408706463845,0.9764226113354036,False,False,dropped_low_impact,allOf_satisfied_branch_ratio,0.000522641
outlines,over,48,not_parent_keyword,0.00046172222999999997,0.0004617221157237763,0.9764226113354036,False,False,dropped_low_impact,not_parent_keyword_absent,0.000162894
outlines,over,49,pattern_key_partial_match_ratio,0.000417258,0.0004172578967286705,0.9764226113354036,False,False,dropped_low_impact,pattern_key_partial_match_ratio,0.000417258
outlines,over,50,not_depth_max,0.00038188,0.0003818799054847234,0.9764226113354036,False,False,dropped_low_impact,not_depth_max,0.00038188
outlines,over,51,not_depth_avg,0.000356186,0.0003561859118439868,0.9764226113354036,False,False,dropped_low_impact,not_depth_avg,0.000356186
outlines,over,52,not_depth_min,0.000317708,0.00031770792136728946,0.9764226113354036,False,False,dropped_low_impact,not_depth_min,0.000317708
outlines,over,53,pattern_key_search_vs_fullmatch_mismatch_count_bucket,0.0003111112,0.00031111112299999705,0.9764226113354036,False,False,dropped_low_impact,pattern_key_search_vs_fullmatch_mismatch_count_bucket_0,0.00016444
outlines,over,54,pattern_key_search_vs_fullmatch_mismatch_count,0.000244539,0.0002445389394766125,0.9764226113354036,False,False,dropped_low_impact,pattern_key_search_vs_fullmatch_mismatch_count,0.000244539
outlines,over,55,instance_satisfies_not_subschema,0.000239654,0.00023965394068564967,0.9764226113354036,False,False,dropped_low_impact,instance_satisfies_not_subschema_false,0.000133864
outlines,over,56,not_count,0.000236314,0.00023631394151229948,0.9764226113354036,False,False,dropped_low_impact,not_count,0.000236314
outlines,over,57,not_sibling_keyword_count,0.000203421,0.00020342094965331494,0.9764226113354036,False,False,dropped_low_impact,not_sibling_keyword_count,0.000203421
outlines,over,58,has_not,0.00019755,0.0001975499511063871,0.9764226113354036,False,False,dropped_low_impact,has_not,0.00019755
outlines,over,59,not_sibling_keyword_count_bucket,0.000189655,0.0001896549530603991,0.9764226113354036,False,False,dropped_low_impact,not_sibling_keyword_count_bucket,0.000189655
outlines,over,60,not_contains_required,0.000122816,0.00012281596960304753,0.9764226113354036,False,False,dropped_low_impact,not_contains_required,0.000122816
outlines,over,61,not_contains_enum,9.62987e-05,9.629867616607764e-05,0.9764226113354036,False,False,dropped_low_impact,not_contains_enum,9.62987e-05
outlines,over,62,branches_have_not,5.17681e-05,5.1768087187398424e-05,0.9764226113354036,False,False,dropped_low_impact,branches_have_not,5.17681e-05
outlines,over,63,not_target_type,4.90144e-05,4.9014387868939e-05,0.9764226113354036,False,False,dropped_low_impact,not_target_type_absent,3.16973e-05
outlines,over,64,combinator_with_patternProperties,2.55692e-05,2.5569193671624563e-05,0.9764226113354036,False,False,dropped_low_impact,combinator_with_patternProperties,2.55692e-05
outlines,over,65,not_contains_anyOf,1.94377e-05,1.9437695189170438e-05,0.9764226113354036,False,False,dropped_low_impact,not_contains_anyOf,1.94377e-05
outlines,over,66,not_contains_properties,7.86697e-06,7.866968052925407e-06,0.9764226113354036,False,False,dropped_low_impact,not_contains_properties,7.86697e-06
outlines,over,67,branches_conflicting_types,0.0,0.0,0.9764226113354036,False,False,dropped_low_impact,branches_conflicting_types,0.0
outlines,over,68,not_contains_const,0.0,0.0,0.9764226113354036,False,False,dropped_low_impact,not_contains_const,0.0
outlines,over,69,not_contains_pattern,0.0,0.0,0.9764226113354036,False,False,dropped_low_impact,not_contains_pattern,0.0
outlines,over,70,not_contains_allOf,0.0,0.0,0.9764226113354036,False,False,dropped_low_impact,not_contains_allOf,0.0
outlines,over,71,not_contains_oneOf,0.0,0.0,0.9764226113354036,False,False,dropped_low_impact,not_contains_oneOf,0.0
outlines,over,72,branches_have_different_type,0,0,,False,True,retained_combinator_domain_feature,branches_have_different_type,0
outlines,over,73,combinator_same_type_count,0,0,,False,True,retained_combinator_domain_feature,combinator_same_type_count,0
outlines,over,74,combinator_different_type_count,0,0,,False,True,retained_combinator_domain_feature,combinator_different_type_count,0
outlines,over,75,combinator_same_type_ratio,0,0,,False,True,retained_combinator_domain_feature,combinator_same_type_ratio,0
outlines,over,76,combinator_different_type_ratio,0,0,,False,True,retained_combinator_domain_feature,combinator_different_type_ratio,0
outlines,over,77,combinator_have_required_count,0,0,,False,True,retained_combinator_domain_feature,combinator_have_required_count,0
outlines,over,78,combinator_have_properties_count,0,0,,False,True,retained_combinator_domain_feature,combinator_have_properties_count,0
outlines,over,79,combinator_have_numeric_count,0,0,,False,True,retained_combinator_domain_feature,combinator_have_numeric_count,0
outlines,over,80,combinator_have_not_count,0,0,,False,True,retained_combinator_domain_feature,combinator_have_not_count,0
outlines,over,81,combinator_have_additionalProperties_count,0,0,,False,True,retained_combinator_domain_feature,combinator_have_additionalProperties_count,0
outlines,over,82,branches_with_required_count,0,0,,False,True,retained_combinator_domain_feature,branches_with_required_count,0
outlines,over,83,branches_with_properties_count,0,0,,False,True,retained_combinator_domain_feature,branches_with_properties_count,0
outlines,over,84,branches_with_numeric_count,0,0,,False,True,retained_combinator_domain_feature,branches_with_numeric_count,0
outlines,over,85,branches_with_not_count,0,0,,False,True,retained_combinator_domain_feature,branches_with_not_count,0
outlines,over,86,branches_with_additionalProperties_count,0,0,,False,True,retained_combinator_domain_feature,branches_with_additionalProperties_count,0
outlines,over,87,branches_with_additionalProperties_true_count,0,0,,False,True,retained_combinator_domain_feature,branches_with_additionalProperties_true_count,0
outlines,over,88,branches_with_additionalProperties_false_count,0,0,,False,True,retained_combinator_domain_feature,branches_with_additionalProperties_false_count,0
outlines,over,89,branches_with_additionalProperties_schema_count,0,0,,False,True,retained_combinator_domain_feature,branches_with_additionalProperties_schema_count,0
outlines,over,90,branches_with_required_ratio,0,0,,False,True,retained_combinator_domain_feature,branches_with_required_ratio,0
outlines,over,91,branches_with_properties_ratio,0,0,,False,True,retained_combinator_domain_feature,branches_with_properties_ratio,0
outlines,over,92,branches_with_numeric_ratio,0,0,,False,True,retained_combinator_domain_feature,branches_with_numeric_ratio,0
outlines,over,93,branches_with_not_ratio,0,0,,False,True,retained_combinator_domain_feature,branches_with_not_ratio,0
outlines,over,94,branches_with_additionalProperties_ratio,0,0,,False,True,retained_combinator_domain_feature,branches_with_additionalProperties_ratio,0
outlines,over,95,combinator_with_additionalProperties_true,0,0,,False,True,retained_combinator_domain_feature,combinator_with_additionalProperties_true,0
outlines,over,96,combinator_with_additionalProperties_false,0,0,,False,True,retained_combinator_domain_feature,combinator_with_additionalProperties_false,0
outlines,over,97,combinator_with_additionalProperties_schema,0,0,,False,True,retained_combinator_domain_feature,combinator_with_additionalProperties_schema,0
outlines,over,98,allOf_is_satisfied_for_instance,0,0,,False,True,retained_combinator_domain_feature,allOf_is_satisfied_for_instance,0
outlines,over,99,anyOf_is_satisfied_for_instance,0,0,,False,True,retained_combinator_domain_feature,anyOf_is_satisfied_for_instance,0
outlines,over,100,oneOf_is_satisfied_for_instance,0,0,,False,True,retained_combinator_domain_feature,oneOf_is_satisfied_for_instance,0
outlines,over,101,allOf_occurrence_satisfied_count,0,0,,False,True,retained_combinator_domain_feature,allOf_occurrence_satisfied_count,0
outlines,over,102,allOf_occurrence_failed_count,0,0,,False,True,retained_combinator_domain_feature,allOf_occurrence_failed_count,0
outlines,over,103,allOf_satisfied_all_branch_count,0,0,,False,True,retained_combinator_domain_feature,allOf_satisfied_all_branch_count,0
outlines,over,104,allOf_ratio_min,0,0,,False,True,retained_combinator_domain_feature,allOf_ratio_min,0
outlines,over,105,allOf_ratio_max,0,0,,False,True,retained_combinator_domain_feature,allOf_ratio_max,0
outlines,over,106,allOf_ratio_avg,0,0,,False,True,retained_combinator_domain_feature,allOf_ratio_avg,0
outlines,over,107,anyOf_occurrence_satisfied_count,0,0,,False,True,retained_combinator_domain_feature,anyOf_occurrence_satisfied_count,0
outlines,over,108,anyOf_occurrence_failed_count,0,0,,False,True,retained_combinator_domain_feature,anyOf_occurrence_failed_count,0
outlines,over,109,anyOf_satisfied_all_branch_count,0,0,,False,True,retained_combinator_domain_feature,anyOf_satisfied_all_branch_count,0
outlines,over,110,anyOf_ratio_min,0,0,,False,True,retained_combinator_domain_feature,anyOf_ratio_min,0
outlines,over,111,anyOf_ratio_max,0,0,,False,True,retained_combinator_domain_feature,anyOf_ratio_max,0
outlines,over,112,anyOf_ratio_avg,0,0,,False,True,retained_combinator_domain_feature,anyOf_ratio_avg,0
outlines,over,113,oneOf_occurrence_satisfied_count,0,0,,False,True,retained_combinator_domain_feature,oneOf_occurrence_satisfied_count,0
outlines,over,114,oneOf_occurrence_failed_count,0,0,,False,True,retained_combinator_domain_feature,oneOf_occurrence_failed_count,0
outlines,over,115,oneOf_satisfied_all_branch_count,0,0,,False,True,retained_combinator_domain_feature,oneOf_satisfied_all_branch_count,0
outlines,over,116,oneOf_ratio_min,0,0,,False,True,retained_combinator_domain_feature,oneOf_ratio_min,0
outlines,over,117,oneOf_ratio_max,0,0,,False,True,retained_combinator_domain_feature,oneOf_ratio_max,0
outlines,over,118,oneOf_ratio_avg,0,0,,False,True,retained_combinator_domain_feature,oneOf_ratio_avg,0
xgr,under,1,instance_string_total_length,1763.0,0.08124423963133641,0.08124423963133641,False,True,minimum_count,instance_string_total_length,1763.0
xgr,under,2,instance_string_max_length,928.0,0.042764976958525346,0.12400921658986175,True,True,rule_feature,instance_string_max_length,928.0
xgr,under,3,complex_keywords_same_node_avg,857.0,0.03949308755760369,0.16350230414746544,False,True,minimum_count,complex_keywords_same_node_avg,857.0
xgr,under,4,instance_string_count,581.0,0.026774193548387098,0.19027649769585253,False,True,minimum_count,instance_string_count,581.0
xgr,under,5,numeric_boundary_case,505.0,0.023271889400921657,0.21354838709677418,False,True,minimum_count,numeric_boundary_case_below_min,223.0
xgr,under,6,schema_keyword_count,501.0,0.023087557603686637,0.23663594470046082,False,True,minimum_count,schema_keyword_count,501.0
xgr,under,7,instance_total_object_properties_recursive,481.0,0.02216589861751152,0.25880184331797235,False,True,minimum_count,instance_total_object_properties_recursive,481.0
xgr,under,8,additionalProperties_mode,465.0,0.02142857142857143,0.28023041474654375,False,True,minimum_count,additionalProperties_mode_true,229.0
xgr,under,9,instance_max_abs_numeric_value,457.0,0.02105990783410138,0.30129032258064514,False,True,minimum_count,instance_max_abs_numeric_value,457.0
xgr,under,10,instance_integer_count,447.0,0.020599078341013825,0.32188940092165896,False,True,minimum_count,instance_integer_count,447.0
xgr,under,11,instance_num_numeric_values,389.0,0.017926267281105992,0.33981566820276493,False,True,minimum_count,instance_num_numeric_values,389.0
xgr,under,12,string_validation_case,389.0,0.017926267281105992,0.3577419354838709,False,True,minimum_count,string_validation_case_format_present,151.0
xgr,under,13,string_pattern_complexity_score,333.0,0.015345622119815668,0.37308755760368656,False,True,cumulative_importance,string_pattern_complexity_score,333.0
xgr,under,14,numeric_target_type,315.0,0.014516129032258065,0.38760368663594463,False,True,cumulative_importance,numeric_target_type_number,184.0
xgr,under,15,instance_num_properties,282.0,0.012995391705069125,0.40059907834101377,False,True,cumulative_importance,instance_num_properties,282.0
xgr,under,16,string_pattern_avg_length,278.0,0.012811059907834101,0.41341013824884787,True,True,rule_feature,string_pattern_avg_length,278.0
xgr,under,17,schema_total_properties_recursive,275.0,0.012672811059907835,0.4260829493087557,False,True,cumulative_importance,schema_total_properties_recursive,275.0
xgr,under,18,instance_empty_array_count,268.0,0.012350230414746545,0.4384331797235022,False,True,cumulative_importance,instance_empty_array_count,268.0
xgr,under,19,array_validation_case,265.0,0.012211981566820277,0.4506451612903225,False,True,cumulative_importance,array_validation_case_inside_array_constraints,103.0
xgr,under,20,object_properties_count_max,262.0,0.012073732718894009,0.4627188940092165,False,True,cumulative_importance,object_properties_count_max,262.0
xgr,under,21,instance_total_array_items,261.0,0.012027649769585253,0.47474654377880177,False,True,cumulative_importance,instance_total_array_items,261.0
xgr,under,22,schema_advanced_keywords_present,257.0,0.01184331797235023,0.486589861751152,False,True,cumulative_importance,schema_advanced_keywords_present_$ref|definitions,88.0
xgr,under,23,instance_max_array_length,241.0,0.011105990783410138,0.4976958525345621,False,True,cumulative_importance,instance_max_array_length,241.0
xgr,under,24,required_property_count_total,223.0,0.010276497695852534,0.5079723502304146,False,True,cumulative_importance,required_property_count_total,223.0
xgr,under,25,type_mismatch_count,216.0,0.009953917050691244,0.5179262672811059,False,True,cumulative_importance,type_mismatch_count,216.0
xgr,under,26,instance_boolean_count,214.0,0.009861751152073732,0.5277880184331797,False,True,cumulative_importance,instance_boolean_count,214.0
xgr,under,27,instance_max_array_length_bucket,199.0,0.009170506912442396,0.536958525345622,False,True,cumulative_importance,instance_max_array_length_bucket_3,74.0
xgr,under,28,object_required_count_max,198.0,0.00912442396313364,0.5460829493087557,True,True,rule_feature,object_required_count_max,198.0
xgr,under,29,schema_ref_count,191.0,0.00880184331797235,0.5548847926267281,False,True,cumulative_importance,schema_ref_count,191.0
xgr,under,30,string_context_count,189.0,0.008709677419354838,0.5635944700460829,False,True,cumulative_importance,string_context_count,189.0
xgr,under,31,array_nested_object_count,173.0,0.007972350230414746,0.5715668202764976,False,True,cumulative_importance,array_nested_object_count,173.0
xgr,under,32,numeric_keyword_count,167.0,0.007695852534562212,0.5792626728110598,False,True,cumulative_importance,numeric_keyword_count,167.0
xgr,under,33,object_context_count,166.0,0.007649769585253457,0.5869124423963132,False,True,cumulative_importance,object_context_count,166.0
xgr,under,34,instance_string_count_bucket,166.0,0.007649769585253457,0.5945622119815667,False,True,cumulative_importance,instance_string_count_bucket_4-5,74.0
xgr,under,35,string_pattern_max_length,165.0,0.007603686635944701,0.6021658986175114,False,True,cumulative_importance,string_pattern_max_length,165.0
xgr,under,36,required_property_count_total_bucket,158.0,0.0072811059907834106,0.6094470046082948,False,True,cumulative_importance,required_property_count_total_bucket_3,47.0
xgr,under,37,array_length_violation_count,157.0,0.007235023041474655,0.6166820276497694,False,True,cumulative_importance,array_length_violation_count,157.0
xgr,under,38,object_required_case,156.0,0.007188940092165899,0.6238709677419353,False,True,cumulative_importance,object_required_case_not_applicable,77.0
xgr,under,39,enum_total_values,151.0,0.00695852534562212,0.6308294930875574,False,True,cumulative_importance,enum_total_values,151.0
xgr,under,40,allOf_count,148.0,0.0068202764976958525,0.6376497695852533,False,True,cumulative_importance,allOf_count,148.0
xgr,under,41,same_node_combinator_and_properties,134.0,0.006175115207373272,0.6438248847926266,False,True,cumulative_importance,same_node_combinator_and_properties,134.0
xgr,under,42,instance_nested_array_count,133.0,0.006129032258064516,0.649953917050691,False,True,cumulative_importance,instance_nested_array_count,133.0
xgr,under,43,patternProperties_regex_complexity_score,132.0,0.00608294930875576,0.6560368663594468,False,True,cumulative_importance,patternProperties_regex_complexity_score,132.0
xgr,under,44,schema_boolean_schema_count,130.0,0.005990783410138249,0.6620276497695851,False,True,cumulative_importance,schema_boolean_schema_count,130.0
xgr,under,45,schema_advanced_keyword_count,130.0,0.005990783410138249,0.6680184331797233,False,True,cumulative_importance,schema_advanced_keyword_count,130.0
xgr,under,46,schema_max_depth,129.0,0.005944700460829493,0.6739631336405528,False,True,cumulative_importance,schema_max_depth,129.0
xgr,under,47,object_additional_properties_case,127.0,0.005852534562211981,0.6798156682027648,True,True,rule_feature,object_additional_properties_case_no_extra_properties,107.0
xgr,under,48,branches_have_required,122.0,0.005622119815668203,0.685437788018433,True,True,rule_feature,branches_have_required,122.0
xgr,under,49,string_format_value,119.0,0.005483870967741935,0.690921658986175,False,True,cumulative_importance,string_format_value_date-time,54.0
xgr,under,50,object_property_count_boundary_case,119.0,0.005483870967741935,0.6964055299539169,False,True,cumulative_importance,object_property_count_boundary_case_below_minProperties,65.0
xgr,under,51,array_has_minItems,117.0,0.005391705069124424,0.7017972350230414,False,True,cumulative_importance,array_has_minItems,117.0
xgr,under,52,object_missing_required_count_bucket,116.0,0.005345622119815668,0.7071428571428571,False,True,cumulative_importance,object_missing_required_count_bucket_1,59.0
xgr,under,53,string_length_violation_count,115.0,0.005299539170506912,0.712442396313364,False,True,cumulative_importance,string_length_violation_count,115.0
xgr,under,54,string_parent_keyword,113.0,0.005207373271889401,0.7176497695852534,False,True,cumulative_importance,string_parent_keyword_properties,83.0
xgr,under,55,instance_max_object_depth_bucket,113.0,0.005207373271889401,0.7228571428571428,False,True,cumulative_importance,instance_max_object_depth_bucket_2,46.0
xgr,under,56,enum_size_max,109.0,0.005023041474654378,0.7278801843317971,False,True,cumulative_importance,enum_size_max,109.0
xgr,under,57,string_pattern_violation_count,109.0,0.005023041474654378,0.7329032258064515,True,True,rule_feature,string_pattern_violation_count,109.0
xgr,under,58,schema_advanced_keyword_count_bucket,107.0,0.004930875576036866,0.7378341013824884,False,True,cumulative_importance,schema_advanced_keyword_count_bucket_1,50.0
xgr,under,59,object_required_count_bucket,103.0,0.004746543778801843,0.7425806451612902,False,True,cumulative_importance,object_required_count_bucket_1,27.0
xgr,under,60,enum_target_type,102.0,0.004700460829493088,0.7472811059907832,False,True,cumulative_importance,enum_target_type_string,33.0
xgr,under,61,instance_array_count,102.0,0.004700460829493088,0.7519815668202763,False,True,cumulative_importance,instance_array_count,102.0
xgr,under,62,array_invalid_items_count_bucket,100.0,0.004608294930875576,0.7565898617511518,False,True,cumulative_importance,array_invalid_items_count_bucket_1,61.0
xgr,under,63,instance_empty_object_count,97.0,0.004470046082949309,0.7610599078341012,False,True,cumulative_importance,instance_empty_object_count,97.0
xgr,under,64,array_invalid_items_count,97.0,0.004470046082949309,0.7655299539170505,False,True,cumulative_importance,array_invalid_items_count,97.0
xgr,under,65,array_items_object_properties_max,95.0,0.004377880184331797,0.7699078341013823,False,True,cumulative_importance,array_items_object_properties_max,95.0
xgr,under,66,numeric_constraints_with_integer_type,94.0,0.004331797235023042,0.7742396313364054,False,True,cumulative_importance,numeric_constraints_with_integer_type,94.0
xgr,under,67,string_length_violation_count_bucket,94.0,0.004331797235023042,0.7785714285714285,True,True,rule_feature,string_length_violation_count_bucket_0,72.0
xgr,under,68,complex_keywords_same_node_max,92.0,0.00423963133640553,0.782811059907834,False,True,cumulative_importance,complex_keywords_same_node_max,92.0
xgr,under,69,allOf_branch_count,89.0,0.004101382488479263,0.7869124423963132,True,True,rule_feature,allOf_branch_count,89.0
xgr,under,70,enum_context_count,87.0,0.004009216589861751,0.790921658986175,True,True,rule_feature,enum_context_count,87.0
xgr,under,71,instance_total_array_items_bucket,86.0,0.003963133640552996,0.794884792626728,False,True,cumulative_importance,instance_total_array_items_bucket_4-5,27.0
xgr,under,72,object_properties_count_bucket,85.0,0.00391705069124424,0.7988018433179722,False,True,cumulative_importance,object_properties_count_bucket_4-5,35.0
xgr,under,73,string_pattern_has_repetition,84.0,0.003870967741935484,0.8026728110599077,True,True,rule_feature,string_pattern_has_repetition,84.0
xgr,under,74,instance_max_object_depth,84.0,0.003870967741935484,0.8065437788018432,False,True,cumulative_importance,instance_max_object_depth,84.0
xgr,under,75,type_mismatch_count_bucket,84.0,0.003870967741935484,0.8104147465437788,True,True,rule_feature,type_mismatch_count_bucket_0,30.0
xgr,under,76,unmatched_keys_allowed_by_additionalProperties_bucket,82.0,0.0037788018433179723,0.8141935483870968,False,True,cumulative_importance,unmatched_keys_allowed_by_additionalProperties_bucket_2,34.0
xgr,under,77,combinator_depth_min,81.0,0.003732718894009217,0.817926267281106,False,True,cumulative_importance,combinator_depth_min,81.0
xgr,under,78,schema_format_keyword_count,78.0,0.0035944700460829493,0.8215207373271889,False,True,cumulative_importance,schema_format_keyword_count,78.0
xgr,under,79,string_pattern_count,78.0,0.0035944700460829493,0.8251152073732718,False,True,cumulative_importance,string_pattern_count,78.0
xgr,under,80,array_items_schema_depth,78.0,0.0035944700460829493,0.8287096774193548,False,True,cumulative_importance,array_items_schema_depth,78.0
xgr,under,81,array_parent_keyword,77.0,0.0035483870967741938,0.8322580645161289,False,True,cumulative_importance,array_parent_keyword_mixed,19.0
xgr,under,82,same_node_properties_and_additionalProperties,77.0,0.0035483870967741938,0.8358064516129031,False,True,cumulative_importance,same_node_properties_and_additionalProperties,77.0
xgr,under,83,combinator_branch_count_max,74.0,0.0034101382488479263,0.8392165898617511,False,True,cumulative_importance,combinator_branch_count_max,74.0
xgr,under,84,allOf_satisfied_branch_ratio_bucket,74.0,0.0034101382488479263,0.842626728110599,False,True,cumulative_importance,allOf_satisfied_branch_ratio_bucket_partial,68.0
xgr,under,85,combinator_branch_count_min,72.0,0.0033179723502304147,0.8459447004608295,True,True,rule_feature,combinator_branch_count_min,72.0
xgr,under,86,object_missing_required_count,70.0,0.0032258064516129032,0.8491705069124423,False,True,cumulative_importance,object_missing_required_count,70.0
xgr,under,87,string_pattern_has_charclass,69.0,0.0031797235023041477,0.8523502304147464,False,True,cumulative_importance,string_pattern_has_charclass,69.0
xgr,under,88,object_depth_max,68.0,0.0031336405529953917,0.8554838709677418,False,True,cumulative_importance,object_depth_max,68.0
xgr,under,89,enum_type_match_but_value_mismatch,68.0,0.0031336405529953917,0.8586175115207372,False,True,cumulative_importance,enum_type_match_but_value_mismatch,68.0
xgr,under,90,enum_parent_keyword,66.0,0.00304147465437788,0.861658986175115,False,True,cumulative_importance,enum_parent_keyword_properties,27.0
xgr,under,91,enum_value_mismatch_count,66.0,0.00304147465437788,0.8647004608294929,False,True,cumulative_importance,enum_value_mismatch_count,66.0
xgr,under,92,instance_total_object_properties_recursive_bucket,66.0,0.00304147465437788,0.8677419354838708,False,True,cumulative_importance,instance_total_object_properties_recursive_bucket_4-5,45.0
xgr,under,93,combinator_type,65.0,0.0029953917050691246,0.8707373271889399,False,True,cumulative_importance,combinator_type_oneOf,35.0
xgr,under,94,instance_null_count,65.0,0.0029953917050691246,0.873732718894009,False,True,cumulative_importance,instance_null_count,65.0
xgr,under,95,schema_type_union_count,64.0,0.0029493087557603687,0.8766820276497694,False,True,cumulative_importance,schema_type_union_count,64.0
xgr,under,96,string_pattern_violation_count_bucket,63.0,0.002903225806451613,0.8795852534562211,False,True,cumulative_importance,string_pattern_violation_count_bucket_0,38.0
xgr,under,97,numeric_has_default,62.0,0.002857142857142857,0.882442396313364,False,True,cumulative_importance,numeric_has_default,62.0
xgr,under,98,enum_string_values_count,62.0,0.002857142857142857,0.8852995391705069,True,True,rule_feature,enum_string_values_count,62.0
xgr,under,99,enum_validation_case,62.0,0.002857142857142857,0.8881566820276497,True,True,rule_feature,enum_validation_case_enum_match,33.0
xgr,under,100,string_target_type,61.0,0.0028110599078341016,0.8909677419354839,False,True,cumulative_importance,string_target_type_string,47.0
xgr,under,101,extra_properties_disallowed_count_bucket,61.0,0.0028110599078341016,0.893778801843318,False,True,cumulative_importance,extra_properties_disallowed_count_bucket_1,32.0
xgr,under,102,array_context_count,59.0,0.00271889400921659,0.8964976958525346,False,True,cumulative_importance,array_context_count,59.0
xgr,under,103,schema_total_properties_recursive_bucket,58.0,0.002672811059907834,0.8991705069124424,False,True,cumulative_importance,schema_total_properties_recursive_bucket_4-5,33.0
xgr,under,104,enum_value_mismatch_count_bucket,58.0,0.002672811059907834,0.9018433179723502,False,True,cumulative_importance,enum_value_mismatch_count_bucket_0,32.0
xgr,under,105,array_length_violation_count_bucket,58.0,0.002672811059907834,0.904516129032258,False,True,cumulative_importance,array_length_violation_count_bucket_0,37.0
xgr,under,106,object_required_subset_of_properties,56.0,0.0025806451612903226,0.9070967741935483,False,True,cumulative_importance,object_required_subset_of_properties,56.0
xgr,under,107,object_additionalProperties_value,53.0,0.0024423963133640555,0.9095391705069124,True,True,rule_feature,object_additionalProperties_value_mixed,18.0
xgr,under,108,object_extra_properties_count,53.0,0.0024423963133640555,0.9119815668202764,False,True,cumulative_importance,object_extra_properties_count,53.0
xgr,under,109,same_node_properties_and_required,50.0,0.002304147465437788,0.9142857142857143,False,True,cumulative_importance,same_node_properties_and_required,50.0
xgr,under,110,enum_size_bucket,50.0,0.002304147465437788,0.9165898617511521,False,True,cumulative_importance,enum_size_bucket_2,26.0
xgr,under,111,anyOf_satisfied_branch_ratio,47.0,0.002165898617511521,0.9187557603686636,False,True,cumulative_importance,anyOf_satisfied_branch_ratio,47.0
xgr,under,112,numeric_depth,45.0,0.0020737327188940094,0.9208294930875576,False,True,cumulative_importance,numeric_depth,45.0
xgr,under,113,object_has_minProperties,45.0,0.0020737327188940094,0.9229032258064516,False,True,cumulative_importance,object_has_minProperties,45.0
xgr,under,114,combinator_depth_max,44.0,0.0020276497695852535,0.9249308755760368,True,True,rule_feature,combinator_depth_max,44.0
xgr,under,115,allOf_failed_branch_count_for_instance,44.0,0.0020276497695852535,0.9269585253456221,False,True,cumulative_importance,allOf_failed_branch_count_for_instance,44.0
xgr,under,116,numeric_property_required,43.0,0.001981566820276498,0.9289400921658986,False,True,retained_numeric_domain_feature,numeric_property_required,43.0
xgr,under,117,object_target_type,43.0,0.001981566820276498,0.9309216589861751,False,True,cumulative_importance,object_target_type_absent,15.0
xgr,under,118,string_has_maxLength,43.0,0.001981566820276498,0.9329032258064516,False,True,cumulative_importance,string_has_maxLength,43.0
xgr,under,119,instance_number_count,42.0,0.001935483870967742,0.9348387096774193,False,False,dropped_duplicate_of_instance_num_numeric_values,instance_number_count,42.0
xgr,under,120,schema_nullable_type_count,39.0,0.0017972350230414747,0.9366359447004609,False,True,cumulative_importance,schema_nullable_type_count,39.0
xgr,under,121,anyOf_satisfied_branch_count_bucket,37.0,0.0017050691244239631,0.9383410138248848,False,True,cumulative_importance,anyOf_satisfied_branch_count_bucket_1,28.0
xgr,under,122,numeric_keywords_present,36.0,0.0016589861751152074,0.94,False,False,dropped_complex_categorical_numeric,numeric_keywords_present_minimum,20.0
xgr,under,123,combinator_count,36.0,0.0016589861751152074,0.9416589861751151,False,True,cumulative_importance,combinator_count,36.0
xgr,under,124,string_has_minLength,36.0,0.0016589861751152074,0.9433179723502303,False,True,cumulative_importance,string_has_minLength,36.0
xgr,under,125,instance_matching_pattern_keys_count,35.0,0.0016129032258064516,0.9449308755760367,False,True,cumulative_importance,instance_matching_pattern_keys_count,35.0
xgr,under,126,combinator_depth_avg,34.0,0.0015668202764976959,0.9464976958525344,False,True,cumulative_importance,combinator_depth_avg,34.0
xgr,under,127,patternProperties_with_properties,32.0,0.0014746543778801843,0.9479723502304146,False,True,cumulative_importance,patternProperties_with_properties,32.0
xgr,under,128,anyOf_branch_count,32.0,0.0014746543778801843,0.9494470046082948,False,True,cumulative_importance,anyOf_branch_count,32.0
xgr,under,129,type_validation_case,31.0,0.0014285714285714286,0.9508755760368662,False,True,cumulative_importance,type_validation_case_type_match,20.0
xgr,under,130,allOf_satisfied_branch_count,30.0,0.0013824884792626728,0.9508755760368662,False,False,dropped_low_impact,allOf_satisfied_branch_count,30.0
xgr,under,131,combinator_branch_count_avg,29.0,0.001336405529953917,0.9508755760368662,False,False,dropped_low_impact,combinator_branch_count_avg,29.0
xgr,under,132,extra_properties_disallowed_count,29.0,0.001336405529953917,0.9508755760368662,False,False,dropped_low_impact,extra_properties_disallowed_count,29.0
xgr,under,133,unmatched_key_count_when_additionalProperties_true,29.0,0.001336405529953917,0.9508755760368662,False,False,dropped_low_impact,unmatched_key_count_when_additionalProperties_true,29.0
xgr,under,134,oneOf_satisfied_branch_ratio,29.0,0.001336405529953917,0.9508755760368662,False,False,dropped_low_impact,oneOf_satisfied_branch_ratio,29.0
xgr,under,135,oneOf_count,28.0,0.0012903225806451613,0.9508755760368662,False,False,dropped_low_impact,oneOf_count,28.0
xgr,under,136,oneOf_branch_count,28.0,0.0012903225806451613,0.9508755760368662,False,False,dropped_low_impact,oneOf_branch_count,28.0
xgr,under,137,anyOf_count,27.0,0.0012442396313364055,0.9508755760368662,False,False,dropped_low_impact,anyOf_count,27.0
xgr,under,138,object_parent_keyword,27.0,0.0012442396313364055,0.9508755760368662,False,False,dropped_low_impact,object_parent_keyword_$defs,15.0
xgr,under,139,string_has_min_and_max_length,27.0,0.0012442396313364055,0.9508755760368662,False,False,dropped_low_impact,string_has_min_and_max_length,27.0
xgr,under,140,has_exclusiveMinimum,27.0,0.0012442396313364055,0.9508755760368662,False,True,retained_numeric_domain_feature,has_exclusiveMinimum,27.0
xgr,under,141,const_validation_case,26.0,0.0011981566820276498,0.9508755760368662,False,False,dropped_low_impact,const_validation_case_not_applicable,26.0
xgr,under,142,schema_defs_count,24.0,0.0011059907834101382,0.9508755760368662,False,False,dropped_low_impact,schema_defs_count,24.0
xgr,under,143,numeric_parent_keyword,22.0,0.0010138248847926267,0.9508755760368662,False,False,dropped_low_impact,numeric_parent_keyword_properties,16.0
xgr,under,144,additionalProperties_schema_depth,22.0,0.0010138248847926267,0.9508755760368662,False,False,dropped_low_impact,additionalProperties_schema_depth,22.0
xgr,under,145,patternProperties_occurrence_count,21.0,0.000967741935483871,0.9508755760368662,False,False,dropped_low_impact,patternProperties_occurrence_count,21.0
xgr,under,146,branches_have_same_type,21.0,0.000967741935483871,0.9508755760368662,False,False,dropped_low_impact,branches_have_same_type,21.0
xgr,under,147,string_pattern_has_alternation,21.0,0.000967741935483871,0.9508755760368662,False,False,dropped_low_impact,string_pattern_has_alternation,21.0
xgr,under,148,numeric_has_min_and_max,20.0,0.0009216589861751152,0.9508755760368662,False,True,retained_numeric_domain_feature,numeric_has_min_and_max,20.0
xgr,under,149,patternProperties_regex_has_anchor,20.0,0.0009216589861751152,0.9508755760368662,False,False,dropped_low_impact,patternProperties_regex_has_anchor,20.0
xgr,under,150,has_allOf,20.0,0.0009216589861751152,0.9508755760368662,False,False,dropped_low_impact,has_allOf,20.0
xgr,under,151,instance_matching_pattern_keys_count_bucket,20.0,0.0009216589861751152,0.9508755760368662,False,False,dropped_low_impact,instance_matching_pattern_keys_count_bucket_0,10.0
xgr,under,152,object_extra_properties_count_bucket,20.0,0.0009216589861751152,0.9508755760368662,False,False,dropped_low_impact,object_extra_properties_count_bucket_1,11.0
xgr,under,153,array_items_kind,19.0,0.0008755760368663594,0.9508755760368662,False,False,dropped_low_impact,array_items_kind_schema,10.0
xgr,under,154,combinator_branch_count_bucket,19.0,0.0008755760368663594,0.9517511520737326,True,True,rule_feature,combinator_branch_count_bucket_2,16.0
xgr,under,155,enum_contains_mixed_types,18.0,0.0008294930875576037,0.9517511520737326,False,False,dropped_low_impact,enum_contains_mixed_types,18.0
xgr,under,156,not_depth_min,17.0,0.0007834101382488479,0.9517511520737326,False,False,dropped_low_impact,not_depth_min,17.0
xgr,under,157,array_target_type,17.0,0.0007834101382488479,0.9517511520737326,False,False,dropped_low_impact,array_target_type_other,9.0
xgr,under,158,object_property_bound_violation_count_bucket,17.0,0.0007834101382488479,0.9517511520737326,False,False,dropped_low_impact,object_property_bound_violation_count_bucket_0,9.0
xgr,under,159,patternProperties_anchor_mix,16.0,0.0007373271889400922,0.9517511520737326,False,False,dropped_low_impact,patternProperties_anchor_mix_absent,12.0
xgr,under,160,string_pattern_has_anchor,16.0,0.0007373271889400922,0.9517511520737326,False,False,dropped_low_impact,string_pattern_has_anchor,16.0
xgr,under,161,unmatched_keys_allowed_by_additionalProperties,16.0,0.0007373271889400922,0.9517511520737326,False,False,dropped_low_impact,unmatched_keys_allowed_by_additionalProperties,16.0
xgr,under,162,instance_string_max_length_bucket,16.0,0.0007373271889400922,0.9517511520737326,False,False,dropped_low_impact,instance_string_max_length_bucket_4-5,8.0
xgr,under,163,schema_dependency_keyword_count,15.0,0.0006912442396313364,0.9517511520737326,False,False,dropped_low_impact,schema_dependency_keyword_count,15.0
xgr,under,164,enum_contains_null,15.0,0.0006912442396313364,0.9517511520737326,False,False,dropped_low_impact,enum_contains_null,15.0
xgr,under,165,array_has_min_and_max_items,15.0,0.0006912442396313364,0.9517511520737326,False,False,dropped_low_impact,array_has_min_and_max_items,15.0
xgr,under,166,branches_have_properties,13.0,0.0005990783410138249,0.9517511520737326,False,False,dropped_low_impact,branches_have_properties,13.0
xgr,under,167,array_has_maxItems,13.0,0.0005990783410138249,0.9517511520737326,False,False,dropped_low_impact,array_has_maxItems,13.0
xgr,under,168,patternProperties_regex_has_dotstar,12.0,0.0005529953917050691,0.9517511520737326,False,False,dropped_low_impact,patternProperties_regex_has_dotstar,12.0
xgr,under,169,same_node_combinator_and_required,12.0,0.0005529953917050691,0.9517511520737326,False,False,dropped_low_impact,same_node_combinator_and_required,12.0
xgr,under,170,oneOf_satisfied_branch_count_bucket,12.0,0.0005529953917050691,0.9517511520737326,False,False,dropped_low_impact,oneOf_satisfied_branch_count_bucket_0,6.0
xgr,under,171,numeric_constraints_count,11.0,0.0005069124423963134,0.9517511520737326,False,False,dropped_low_impact,numeric_constraints_count,11.0
xgr,under,172,missing_required_count_bucket,11.0,0.0005069124423963134,0.9517511520737326,False,False,dropped_low_impact,missing_required_count_bucket_1,8.0
xgr,under,173,const_parent_keyword,10.0,0.0004608294930875576,0.9517511520737326,False,False,dropped_low_impact,const_parent_keyword_absent,10.0
xgr,under,174,has_multipleOf,10.0,0.0004608294930875576,0.9517511520737326,False,True,retained_numeric_domain_feature,has_multipleOf,10.0
xgr,under,175,same_node_oneOf_and_required,10.0,0.0004608294930875576,0.9517511520737326,False,False,dropped_low_impact,same_node_oneOf_and_required,10.0
xgr,under,176,object_property_bound_violation_count,10.0,0.0004608294930875576,0.9517511520737326,False,False,dropped_low_impact,object_property_bound_violation_count,10.0
xgr,under,177,instance_satisfies_not_subschema,10.0,0.0004608294930875576,0.9517511520737326,False,False,dropped_low_impact,instance_satisfies_not_subschema_true,9.0
xgr,under,178,oneOf_satisfied_branch_count,10.0,0.0004608294930875576,0.9517511520737326,False,False,dropped_low_impact,oneOf_satisfied_branch_count,10.0
xgr,under,179,branches_have_numeric,9.0,0.00041474654377880184,0.9517511520737326,False,False,dropped_low_impact,branches_have_numeric,9.0
xgr,under,180,string_has_pattern,9.0,0.00041474654377880184,0.9517511520737326,False,False,dropped_low_impact,string_has_pattern,9.0
xgr,under,181,instance_has_int32_boundary_risk,9.0,0.00041474654377880184,0.9517511520737326,False,True,retained_numeric_domain_feature,instance_has_int32_boundary_risk,9.0
xgr,under,182,not_count,8.0,0.0003686635944700461,0.9517511520737326,False,False,dropped_low_impact,not_count,8.0
xgr,under,183,additionalProperties_value,7.0,0.0003225806451612903,0.9517511520737326,False,False,dropped_low_impact,additionalProperties_value_false,6.0
xgr,under,184,patternProperties_unanchored_count,7.0,0.0003225806451612903,0.9517511520737326,False,False,dropped_low_impact,patternProperties_unanchored_count,7.0
xgr,under,185,object_has_maxProperties,7.0,0.0003225806451612903,0.9517511520737326,False,False,dropped_low_impact,object_has_maxProperties,7.0
xgr,under,186,anyOf_satisfied_branch_count,7.0,0.0003225806451612903,0.9517511520737326,False,False,dropped_low_impact,anyOf_satisfied_branch_count,7.0
xgr,under,187,numeric_is_in_properties,5.0,0.0002304147465437788,0.9517511520737326,False,True,retained_numeric_domain_feature,numeric_is_in_properties,5.0
xgr,under,188,patternProperties_pattern_count,5.0,0.0002304147465437788,0.9517511520737326,False,False,dropped_low_impact,patternProperties_pattern_count,5.0
xgr,under,189,not_sibling_keyword_count,5.0,0.0002304147465437788,0.9517511520737326,False,False,dropped_low_impact,not_sibling_keyword_count,5.0
xgr,under,190,branches_have_not,5.0,0.0002304147465437788,0.9517511520737326,False,False,dropped_low_impact,branches_have_not,5.0
xgr,under,191,has_anyOf,5.0,0.0002304147465437788,0.9517511520737326,False,False,dropped_low_impact,has_anyOf,5.0
xgr,under,192,branches_have_pattern,4.0,0.00018433179723502304,0.9517511520737326,False,False,dropped_low_impact,branches_have_pattern,4.0
xgr,under,193,has_minimum,4.0,0.00018433179723502304,0.9517511520737326,False,True,retained_numeric_domain_feature,has_minimum,4.0
xgr,under,194,missing_required_count,4.0,0.00018433179723502304,0.9517511520737326,False,False,dropped_low_impact,missing_required_count,4.0
xgr,under,195,allOf_satisfied_branch_ratio,4.0,0.00018433179723502304,0.9519354838709676,True,True,rule_feature,allOf_satisfied_branch_ratio,4.0
xgr,under,196,combinator_with_additionalProperties,3.0,0.00013824884792626728,0.9519354838709676,False,False,dropped_low_impact,combinator_with_additionalProperties,3.0
xgr,under,197,has_maximum,3.0,0.00013824884792626728,0.9519354838709676,False,True,retained_numeric_domain_feature,has_maximum,3.0
xgr,under,198,instance_has_large_integer,3.0,0.00013824884792626728,0.9519354838709676,False,True,retained_numeric_domain_feature,instance_has_large_integer,3.0
xgr,under,199,patternProperties_regex_has_charclass,2.0,9.216589861751152e-05,0.9519354838709676,False,False,dropped_low_impact,patternProperties_regex_has_charclass,2.0
xgr,under,200,not_depth_max,2.0,9.216589861751152e-05,0.9519354838709676,False,False,dropped_low_impact,not_depth_max,2.0
xgr,under,201,not_parent_keyword,2.0,9.216589861751152e-05,0.9519354838709676,False,False,dropped_low_impact,not_parent_keyword_absent,2.0
xgr,under,202,not_target_type,2.0,9.216589861751152e-05,0.9519354838709676,False,False,dropped_low_impact,not_target_type_absent,2.0
xgr,under,203,branches_have_enum,2.0,9.216589861751152e-05,0.9519354838709676,False,False,dropped_low_impact,branches_have_enum,2.0
xgr,under,204,same_node_not_and_type,2.0,9.216589861751152e-05,0.9519354838709676,False,False,dropped_low_impact,same_node_not_and_type,2.0
xgr,under,205,same_node_allOf_and_required,2.0,9.216589861751152e-05,0.9519354838709676,False,False,dropped_low_impact,same_node_allOf_and_required,2.0
xgr,under,206,instance_has_unmatched_keys,2.0,9.216589861751152e-05,0.9519354838709676,False,False,dropped_low_impact,instance_has_unmatched_keys,2.0
xgr,under,207,oneOf_matched_branch_count,2.0,9.216589861751152e-05,0.9519354838709676,False,False,dropped_low_impact,oneOf_matched_branch_count,2.0
xgr,under,208,schema_keyword_count_bucket,2.0,9.216589861751152e-05,0.9519354838709676,False,False,dropped_low_impact,schema_keyword_count_bucket_3,1.0
xgr,under,209,patternProperties_has_additionalProperties,1.0,4.608294930875576e-05,0.9519354838709676,False,False,dropped_low_impact,patternProperties_has_additionalProperties,1.0
xgr,under,210,not_contains_required,1.0,4.608294930875576e-05,0.9519354838709676,False,False,dropped_low_impact,not_contains_required,1.0
xgr,under,211,branches_overlapping_properties,1.0,4.608294930875576e-05,0.9519354838709676,False,False,dropped_low_impact,branches_overlapping_properties,1.0
xgr,under,212,has_oneOf,1.0,4.608294930875576e-05,0.9519354838709676,False,False,dropped_low_impact,has_oneOf,1.0
xgr,under,213,same_node_properties_and_patternProperties,1.0,4.608294930875576e-05,0.9519354838709676,False,False,dropped_low_impact,same_node_properties_and_patternProperties,1.0
xgr,under,214,anyOf_matched_branch_count,1.0,4.608294930875576e-05,0.9519354838709676,False,False,dropped_low_impact,anyOf_matched_branch_count,1.0
xgr,under,215,schema_conditional_keyword_count,0.0,0.0,0.9519354838709676,False,False,dropped_low_impact,schema_conditional_keyword_count,0.0
xgr,under,216,schema_unevaluated_keyword_count,0.0,0.0,0.9519354838709676,False,False,dropped_low_impact,schema_unevaluated_keyword_count,0.0
xgr,under,217,schema_propertyNames_count,0.0,0.0,0.9519354838709676,False,False,dropped_low_impact,schema_propertyNames_count,0.0
xgr,under,218,schema_contains_keyword_count,0.0,0.0,0.9519354838709676,False,False,dropped_low_impact,schema_contains_keyword_count,0.0
xgr,under,219,patternProperties_regex_has_alternation,0.0,0.0,0.9519354838709676,False,False,dropped_low_impact,patternProperties_regex_has_alternation,0.0
xgr,under,220,combinator_with_patternProperties,0.0,0.0,0.9519354838709676,False,False,dropped_low_impact,combinator_with_patternProperties,0.0
xgr,under,221,not_depth_avg,0.0,0.0,0.9519354838709676,False,False,dropped_low_impact,not_depth_avg,0.0
xgr,under,222,not_contains_enum,0.0,0.0,0.9519354838709676,False,False,dropped_low_impact,not_contains_enum,0.0
xgr,under,223,not_contains_const,0.0,0.0,0.9519354838709676,False,False,dropped_low_impact,not_contains_const,0.0
xgr,under,224,not_contains_pattern,0.0,0.0,0.9519354838709676,False,False,dropped_low_impact,not_contains_pattern,0.0
xgr,under,225,not_contains_properties,0.0,0.0,0.9519354838709676,False,False,dropped_low_impact,not_contains_properties,0.0
xgr,under,226,not_contains_numeric,0.0,0.0,0.9519354838709676,False,False,dropped_low_impact,not_contains_numeric,0.0
xgr,under,227,not_contains_anyOf,0.0,0.0,0.9519354838709676,False,False,dropped_low_impact,not_contains_anyOf,0.0
xgr,under,228,not_contains_allOf,0.0,0.0,0.9519354838709676,False,False,dropped_low_impact,not_contains_allOf,0.0
xgr,under,229,not_contains_oneOf,0.0,0.0,0.9519354838709676,False,False,dropped_low_impact,not_contains_oneOf,0.0
xgr,under,230,branches_conflicting_types,0.0,0.0,0.9519354838709676,False,False,dropped_low_impact,branches_conflicting_types,0.0
xgr,under,231,branches_have_const,0.0,0.0,0.9519354838709676,False,False,dropped_low_impact,branches_have_const,0.0
xgr,under,232,branches_have_object_bounds,0.0,0.0,0.9519354838709676,False,False,dropped_low_impact,branches_have_object_bounds,0.0
xgr,under,233,object_has_min_and_max_properties,0.0,0.0,0.9519354838709676,False,False,dropped_low_impact,object_has_min_and_max_properties,0.0
xgr,under,234,object_has_propertyNames,0.0,0.0,0.9519354838709676,False,False,dropped_low_impact,object_has_propertyNames,0.0
xgr,under,235,const_context_count,0.0,0.0,0.9519354838709676,False,False,dropped_low_impact,const_context_count,0.0
xgr,under,236,const_target_type,0.0,0.0,0.9519354838709676,False,False,dropped_low_impact,const_target_type_absent,0.0
xgr,under,237,const_type,0.0,0.0,0.9519354838709676,False,False,dropped_low_impact,const_type_absent,0.0
xgr,under,238,string_has_format,0.0,0.0,0.9519354838709676,False,False,dropped_low_impact,string_has_format,0.0
xgr,under,239,array_prefixItems_count_max,0.0,0.0,0.9519354838709676,False,False,dropped_low_impact,array_prefixItems_count_max,0.0
xgr,under,240,array_has_uniqueItems,0.0,0.0,0.9519354838709676,False,False,dropped_low_impact,array_has_uniqueItems,0.0
xgr,under,241,array_has_contains,0.0,0.0,0.9519354838709676,False,False,dropped_low_impact,array_has_contains,0.0
xgr,under,242,array_has_minContains,0.0,0.0,0.9519354838709676,False,False,dropped_low_impact,array_has_minContains,0.0
xgr,under,243,array_has_maxContains,0.0,0.0,0.9519354838709676,False,False,dropped_low_impact,array_has_maxContains,0.0
xgr,under,244,has_exclusiveMaximum,0.0,0.0,0.9519354838709676,False,True,retained_numeric_domain_feature,has_exclusiveMaximum,0.0
xgr,under,245,has_patternProperties,0.0,0.0,0.9519354838709676,False,False,dropped_low_impact,has_patternProperties,0.0
xgr,under,246,has_not,0.0,0.0,0.9519354838709676,False,False,dropped_low_impact,has_not,0.0
xgr,under,247,same_node_not_and_enum,0.0,0.0,0.9519354838709676,False,False,dropped_low_impact,same_node_not_and_enum,0.0
xgr,under,248,same_node_not_and_pattern,0.0,0.0,0.9519354838709676,False,False,dropped_low_impact,same_node_not_and_pattern,0.0
xgr,under,249,same_node_allOf_and_not,0.0,0.0,0.9519354838709676,False,False,dropped_low_impact,same_node_allOf_and_not,0.0
xgr,under,250,same_node_allOf_and_properties,0.0,0.0,0.9519354838709676,False,False,dropped_low_impact,same_node_allOf_and_properties,0.0
xgr,under,251,same_node_not_and_properties,0.0,0.0,0.9519354838709676,False,False,dropped_low_impact,same_node_not_and_properties,0.0
xgr,under,252,same_node_not_and_required,0.0,0.0,0.9519354838709676,False,False,dropped_low_impact,same_node_not_and_required,0.0
xgr,under,253,same_node_patternProperties_and_additionalProperties,0.0,0.0,0.9519354838709676,False,False,dropped_low_impact,same_node_patternProperties_and_additionalProperties,0.0
xgr,under,254,same_node_minProperties_and_required,0.0,0.0,0.9519354838709676,False,False,dropped_low_impact,same_node_minProperties_and_required,0.0
xgr,under,255,same_node_combinator_and_patternProperties,0.0,0.0,0.9519354838709676,False,False,dropped_low_impact,same_node_combinator_and_patternProperties,0.0
xgr,under,256,same_node_combinator_and_numeric,0.0,0.0,0.9519354838709676,False,False,dropped_low_impact,same_node_combinator_and_numeric,0.0
xgr,under,257,instance_type,0.0,0.0,0.9519354838709676,False,False,dropped_low_impact,instance_type_object,0.0
xgr,under,258,instance_strings_matching_pattern_count,0.0,0.0,0.9519354838709676,False,False,dropped_low_impact,instance_strings_matching_pattern_count,0.0
xgr,under,259,const_mismatch_count,0.0,0.0,0.9519354838709676,False,False,dropped_low_impact,const_mismatch_count,0.0
xgr,under,260,array_unique_items_violation_count,0.0,0.0,0.9519354838709676,False,False,dropped_low_impact,array_unique_items_violation_count,0.0
xgr,under,261,array_contains_violation_count,0.0,0.0,0.9519354838709676,False,False,dropped_low_impact,array_contains_violation_count,0.0
xgr,under,262,pattern_key_search_vs_fullmatch_mismatch_count,0.0,0.0,0.9519354838709676,False,False,dropped_low_impact,pattern_key_search_vs_fullmatch_mismatch_count,0.0
xgr,under,263,pattern_key_partial_match_ratio,0.0,0.0,0.9519354838709676,False,False,dropped_low_impact,pattern_key_partial_match_ratio,0.0
xgr,under,264,allOf_matched_branch_count,0.0,0.0,0.9519354838709676,False,False,dropped_low_impact,allOf_matched_branch_count,0.0
xgr,under,265,oneOf_valid_branch_count_for_instance,0.0,0.0,0.9519354838709676,False,False,dropped_low_impact,oneOf_valid_branch_count_for_instance,0.0
xgr,under,266,anyOf_valid_branch_count_for_instance,0.0,0.0,0.9519354838709676,False,False,dropped_low_impact,anyOf_valid_branch_count_for_instance,0.0
xgr,under,267,pattern_key_search_vs_fullmatch_mismatch_count_bucket,0.0,0.0,0.9519354838709676,False,False,dropped_low_impact,pattern_key_search_vs_fullmatch_mismatch_count_bucket_0,0.0
xgr,under,268,array_contains_violation_count_bucket,0.0,0.0,0.9519354838709676,False,False,dropped_low_impact,array_contains_violation_count_bucket_0,0.0
xgr,under,269,array_prefixItems_count_bucket,0.0,0.0,0.9519354838709676,False,False,dropped_low_impact,array_prefixItems_count_bucket_0,0.0
xgr,under,270,branches_have_different_type,0,0,,False,True,retained_combinator_domain_feature,branches_have_different_type,0
xgr,under,271,combinator_same_type_count,0,0,,False,True,retained_combinator_domain_feature,combinator_same_type_count,0
xgr,under,272,combinator_different_type_count,0,0,,False,True,retained_combinator_domain_feature,combinator_different_type_count,0
xgr,under,273,combinator_same_type_ratio,0,0,,False,True,retained_combinator_domain_feature,combinator_same_type_ratio,0
xgr,under,274,combinator_different_type_ratio,0,0,,False,True,retained_combinator_domain_feature,combinator_different_type_ratio,0
xgr,under,275,combinator_have_required_count,0,0,,False,True,retained_combinator_domain_feature,combinator_have_required_count,0
xgr,under,276,combinator_have_properties_count,0,0,,False,True,retained_combinator_domain_feature,combinator_have_properties_count,0
xgr,under,277,combinator_have_numeric_count,0,0,,False,True,retained_combinator_domain_feature,combinator_have_numeric_count,0
xgr,under,278,combinator_have_not_count,0,0,,False,True,retained_combinator_domain_feature,combinator_have_not_count,0
xgr,under,279,combinator_have_additionalProperties_count,0,0,,False,True,retained_combinator_domain_feature,combinator_have_additionalProperties_count,0
xgr,under,280,branches_with_required_count,0,0,,False,True,retained_combinator_domain_feature,branches_with_required_count,0
xgr,under,281,branches_with_properties_count,0,0,,False,True,retained_combinator_domain_feature,branches_with_properties_count,0
xgr,under,282,branches_with_numeric_count,0,0,,False,True,retained_combinator_domain_feature,branches_with_numeric_count,0
xgr,under,283,branches_with_not_count,0,0,,False,True,retained_combinator_domain_feature,branches_with_not_count,0
xgr,under,284,branches_with_additionalProperties_count,0,0,,False,True,retained_combinator_domain_feature,branches_with_additionalProperties_count,0
xgr,under,285,branches_with_additionalProperties_true_count,0,0,,False,True,retained_combinator_domain_feature,branches_with_additionalProperties_true_count,0
xgr,under,286,branches_with_additionalProperties_false_count,0,0,,False,True,retained_combinator_domain_feature,branches_with_additionalProperties_false_count,0
xgr,under,287,branches_with_additionalProperties_schema_count,0,0,,False,True,retained_combinator_domain_feature,branches_with_additionalProperties_schema_count,0
xgr,under,288,branches_with_required_ratio,0,0,,False,True,retained_combinator_domain_feature,branches_with_required_ratio,0
xgr,under,289,branches_with_properties_ratio,0,0,,False,True,retained_combinator_domain_feature,branches_with_properties_ratio,0
xgr,under,290,branches_with_numeric_ratio,0,0,,False,True,retained_combinator_domain_feature,branches_with_numeric_ratio,0
xgr,under,291,branches_with_not_ratio,0,0,,False,True,retained_combinator_domain_feature,branches_with_not_ratio,0
xgr,under,292,branches_with_additionalProperties_ratio,0,0,,False,True,retained_combinator_domain_feature,branches_with_additionalProperties_ratio,0
xgr,under,293,combinator_with_additionalProperties_true,0,0,,False,True,retained_combinator_domain_feature,combinator_with_additionalProperties_true,0
xgr,under,294,combinator_with_additionalProperties_false,0,0,,False,True,retained_combinator_domain_feature,combinator_with_additionalProperties_false,0
xgr,under,295,combinator_with_additionalProperties_schema,0,0,,False,True,retained_combinator_domain_feature,combinator_with_additionalProperties_schema,0
xgr,under,296,allOf_is_satisfied_for_instance,0,0,,False,True,retained_combinator_domain_feature,allOf_is_satisfied_for_instance,0
xgr,under,297,anyOf_is_satisfied_for_instance,0,0,,False,True,retained_combinator_domain_feature,anyOf_is_satisfied_for_instance,0
xgr,under,298,oneOf_is_satisfied_for_instance,0,0,,False,True,retained_combinator_domain_feature,oneOf_is_satisfied_for_instance,0
xgr,under,299,allOf_occurrence_satisfied_count,0,0,,False,True,retained_combinator_domain_feature,allOf_occurrence_satisfied_count,0
xgr,under,300,allOf_occurrence_failed_count,0,0,,False,True,retained_combinator_domain_feature,allOf_occurrence_failed_count,0
xgr,under,301,allOf_satisfied_all_branch_count,0,0,,False,True,retained_combinator_domain_feature,allOf_satisfied_all_branch_count,0
xgr,under,302,allOf_ratio_min,0,0,,False,True,retained_combinator_domain_feature,allOf_ratio_min,0
xgr,under,303,allOf_ratio_max,0,0,,False,True,retained_combinator_domain_feature,allOf_ratio_max,0
xgr,under,304,allOf_ratio_avg,0,0,,False,True,retained_combinator_domain_feature,allOf_ratio_avg,0
xgr,under,305,anyOf_occurrence_satisfied_count,0,0,,False,True,retained_combinator_domain_feature,anyOf_occurrence_satisfied_count,0
xgr,under,306,anyOf_occurrence_failed_count,0,0,,False,True,retained_combinator_domain_feature,anyOf_occurrence_failed_count,0
xgr,under,307,anyOf_satisfied_all_branch_count,0,0,,False,True,retained_combinator_domain_feature,anyOf_satisfied_all_branch_count,0
xgr,under,308,anyOf_ratio_min,0,0,,False,True,retained_combinator_domain_feature,anyOf_ratio_min,0
xgr,under,309,anyOf_ratio_max,0,0,,False,True,retained_combinator_domain_feature,anyOf_ratio_max,0
xgr,under,310,anyOf_ratio_avg,0,0,,False,True,retained_combinator_domain_feature,anyOf_ratio_avg,0
xgr,under,311,oneOf_occurrence_satisfied_count,0,0,,False,True,retained_combinator_domain_feature,oneOf_occurrence_satisfied_count,0
xgr,under,312,oneOf_occurrence_failed_count,0,0,,False,True,retained_combinator_domain_feature,oneOf_occurrence_failed_count,0
xgr,under,313,oneOf_satisfied_all_branch_count,0,0,,False,True,retained_combinator_domain_feature,oneOf_satisfied_all_branch_count,0
xgr,under,314,oneOf_ratio_min,0,0,,False,True,retained_combinator_domain_feature,oneOf_ratio_min,0
xgr,under,315,oneOf_ratio_max,0,0,,False,True,retained_combinator_domain_feature,oneOf_ratio_max,0
xgr,under,316,oneOf_ratio_avg,0,0,,False,True,retained_combinator_domain_feature,oneOf_ratio_avg,0
xgr,over,1,complex_keywords_same_node_avg,311.0,0.04442857142857143,0.04442857142857143,False,True,minimum_count,complex_keywords_same_node_avg,311.0
xgr,over,2,schema_keyword_count,279.0,0.039857142857142855,0.08428571428571428,False,True,minimum_count,schema_keyword_count,279.0
xgr,over,3,instance_string_max_length,273.0,0.039,0.12328571428571428,True,True,rule_feature,instance_string_max_length,273.0
xgr,over,4,string_context_count,207.0,0.02957142857142857,0.15285714285714286,False,True,minimum_count,string_context_count,207.0
xgr,over,5,additionalProperties_mode,205.0,0.029285714285714286,0.18214285714285713,True,True,rule_feature,additionalProperties_mode_true,79.0
xgr,over,6,instance_string_total_length,203.0,0.029,0.21114285714285713,False,True,minimum_count,instance_string_total_length,203.0
xgr,over,7,unmatched_key_count_when_additionalProperties_true,180.0,0.025714285714285714,0.23685714285714285,False,True,minimum_count,unmatched_key_count_when_additionalProperties_true,180.0
xgr,over,8,required_property_count_total,166.0,0.023714285714285716,0.26057142857142856,False,True,minimum_count,required_property_count_total,166.0
xgr,over,9,instance_num_properties,165.0,0.023571428571428573,0.28414285714285714,True,True,rule_feature,instance_num_properties,165.0
xgr,over,10,object_context_count,156.0,0.022285714285714287,0.30642857142857144,True,True,rule_feature,object_context_count,156.0
xgr,over,11,instance_total_object_properties_recursive,131.0,0.018714285714285715,0.3251428571428572,False,True,minimum_count,instance_total_object_properties_recursive,131.0
xgr,over,12,schema_boolean_schema_count,128.0,0.018285714285714287,0.34342857142857147,True,True,rule_feature,schema_boolean_schema_count,128.0
xgr,over,13,enum_target_type,122.0,0.01742857142857143,0.3608571428571429,False,True,cumulative_importance,enum_target_type_absent,40.0
xgr,over,14,instance_num_numeric_values,122.0,0.01742857142857143,0.3782857142857143,False,True,cumulative_importance,instance_num_numeric_values,122.0
xgr,over,15,string_pattern_has_alternation,113.0,0.016142857142857143,0.3944285714285714,True,True,rule_feature,string_pattern_has_alternation,113.0
xgr,over,16,patternProperties_regex_complexity_score,111.0,0.015857142857142858,0.41028571428571425,True,True,rule_feature,patternProperties_regex_complexity_score,111.0
xgr,over,17,array_validation_case,109.0,0.015571428571428571,0.4258571428571428,False,True,cumulative_importance,array_validation_case_not_array,96.0
xgr,over,18,instance_matching_pattern_keys_count,105.0,0.015,0.44085714285714284,True,True,rule_feature,instance_matching_pattern_keys_count,105.0
xgr,over,19,schema_advanced_keyword_count,104.0,0.014857142857142857,0.4557142857142857,False,True,cumulative_importance,schema_advanced_keyword_count,104.0
xgr,over,20,schema_max_depth,103.0,0.014714285714285714,0.4704285714285714,True,True,rule_feature,schema_max_depth,103.0
xgr,over,21,object_properties_count_max,101.0,0.014428571428571428,0.4848571428571428,False,True,cumulative_importance,object_properties_count_max,101.0
xgr,over,22,instance_total_array_items,101.0,0.014428571428571428,0.4992857142857142,False,True,cumulative_importance,instance_total_array_items,101.0
xgr,over,23,required_property_count_total_bucket,100.0,0.014285714285714285,0.5135714285714285,False,True,cumulative_importance,required_property_count_total_bucket_4-5,36.0
xgr,over,24,enum_size_max,99.0,0.014142857142857143,0.5277142857142856,False,True,cumulative_importance,enum_size_max,99.0
xgr,over,25,string_format_value,97.0,0.013857142857142858,0.5415714285714285,False,True,cumulative_importance,string_format_value_path,29.0
xgr,over,26,instance_string_count,96.0,0.013714285714285714,0.5552857142857142,False,True,cumulative_importance,instance_string_count,96.0
xgr,over,27,object_required_count_max,95.0,0.013571428571428571,0.5688571428571427,False,True,cumulative_importance,object_required_count_max,95.0
xgr,over,28,schema_total_properties_recursive,94.0,0.013428571428571429,0.5822857142857142,True,True,rule_feature,schema_total_properties_recursive,94.0
xgr,over,29,string_pattern_avg_length,92.0,0.013142857142857144,0.5954285714285713,False,True,cumulative_importance,string_pattern_avg_length,92.0
xgr,over,30,instance_max_abs_numeric_value,91.0,0.013,0.6084285714285713,False,True,cumulative_importance,instance_max_abs_numeric_value,91.0
xgr,over,31,instance_boolean_count,83.0,0.011857142857142858,0.6202857142857142,False,True,cumulative_importance,instance_boolean_count,83.0
xgr,over,32,instance_integer_count,82.0,0.011714285714285714,0.6319999999999999,True,True,rule_feature,instance_integer_count,82.0
xgr,over,33,object_additional_properties_case,82.0,0.011714285714285714,0.6437142857142856,True,True,rule_feature,object_additional_properties_case_no_extra_properties,44.0
xgr,over,34,string_pattern_complexity_score,80.0,0.011428571428571429,0.655142857142857,False,True,cumulative_importance,string_pattern_complexity_score,80.0
xgr,over,35,enum_total_values,76.0,0.010857142857142857,0.6659999999999999,False,True,cumulative_importance,enum_total_values,76.0
xgr,over,36,allOf_satisfied_branch_count,73.0,0.01042857142857143,0.6764285714285714,False,True,cumulative_importance,allOf_satisfied_branch_count,73.0
xgr,over,37,instance_string_count_bucket,73.0,0.01042857142857143,0.6868571428571428,False,True,cumulative_importance,instance_string_count_bucket_4-5,31.0
xgr,over,38,schema_nullable_type_count,71.0,0.010142857142857143,0.697,False,True,cumulative_importance,schema_nullable_type_count,71.0
xgr,over,39,instance_max_object_depth,70.0,0.01,0.707,True,True,rule_feature,instance_max_object_depth,70.0
xgr,over,40,array_items_schema_depth,62.0,0.008857142857142857,0.7158571428571429,False,True,cumulative_importance,array_items_schema_depth,62.0
xgr,over,41,schema_advanced_keyword_count_bucket,61.0,0.008714285714285714,0.7245714285714285,False,True,cumulative_importance,schema_advanced_keyword_count_bucket_4-5,24.0
xgr,over,42,enum_size_bucket,61.0,0.008714285714285714,0.7332857142857142,False,True,cumulative_importance,enum_size_bucket_1,32.0
xgr,over,43,array_items_object_properties_max,60.0,0.008571428571428572,0.7418571428571428,False,True,cumulative_importance,array_items_object_properties_max,60.0
xgr,over,44,array_nested_object_count,59.0,0.00842857142857143,0.7502857142857142,False,True,cumulative_importance,array_nested_object_count,59.0
xgr,over,45,schema_format_keyword_count,58.0,0.008285714285714285,0.7585714285714285,False,True,cumulative_importance,schema_format_keyword_count,58.0
xgr,over,46,enum_context_count,56.0,0.008,0.7665714285714285,False,True,cumulative_importance,enum_context_count,56.0
xgr,over,47,same_node_properties_and_additionalProperties,56.0,0.008,0.7745714285714285,True,True,rule_feature,same_node_properties_and_additionalProperties,56.0
xgr,over,48,combinator_type,51.0,0.007285714285714286,0.7818571428571428,False,True,cumulative_importance,combinator_type_oneOf,42.0
xgr,over,49,enum_string_values_count,51.0,0.007285714285714286,0.7891428571428571,False,True,cumulative_importance,enum_string_values_count,51.0
xgr,over,50,string_pattern_max_length,49.0,0.007,0.7961428571428572,False,True,cumulative_importance,string_pattern_max_length,49.0
xgr,over,51,instance_nested_array_count,49.0,0.007,0.8031428571428572,False,True,cumulative_importance,instance_nested_array_count,49.0
xgr,over,52,instance_empty_object_count,49.0,0.007,0.8101428571428572,False,True,cumulative_importance,instance_empty_object_count,49.0
xgr,over,53,instance_total_array_items_bucket,48.0,0.006857142857142857,0.8170000000000001,False,True,cumulative_importance,instance_total_array_items_bucket_1,22.0
xgr,over,54,object_depth_max,42.0,0.006,0.8230000000000001,False,True,cumulative_importance,object_depth_max,42.0
xgr,over,55,instance_array_count,40.0,0.005714285714285714,0.8287142857142857,False,True,cumulative_importance,instance_array_count,40.0
xgr,over,56,instance_max_array_length_bucket,38.0,0.0054285714285714284,0.8341428571428572,False,True,cumulative_importance,instance_max_array_length_bucket_3,23.0
xgr,over,57,array_context_count,37.0,0.005285714285714286,0.8394285714285715,False,True,cumulative_importance,array_context_count,37.0
xgr,over,58,anyOf_satisfied_branch_count_bucket,35.0,0.005,0.8444285714285715,False,True,cumulative_importance,anyOf_satisfied_branch_count_bucket_1,27.0
xgr,over,59,object_required_count_bucket,34.0,0.004857142857142857,0.8492857142857144,False,True,cumulative_importance,object_required_count_bucket_3,17.0
xgr,over,60,array_has_minItems,34.0,0.004857142857142857,0.8541428571428573,False,True,cumulative_importance,array_has_minItems,34.0
xgr,over,61,array_parent_keyword,32.0,0.004571428571428572,0.8587142857142859,False,True,cumulative_importance,array_parent_keyword_properties,15.0
xgr,over,62,instance_max_array_length,32.0,0.004571428571428572,0.8632857142857144,False,True,cumulative_importance,instance_max_array_length,32.0
xgr,over,63,string_validation_case,32.0,0.004571428571428572,0.867857142857143,False,True,cumulative_importance,string_validation_case_format_present,19.0
xgr,over,64,has_patternProperties,30.0,0.004285714285714286,0.8721428571428573,False,True,cumulative_importance,has_patternProperties,30.0
xgr,over,65,schema_advanced_keywords_present,29.0,0.004142857142857143,0.8762857142857144,False,True,cumulative_importance,schema_advanced_keywords_present_dependencies,11.0
xgr,over,66,string_parent_keyword,29.0,0.004142857142857143,0.8804285714285716,False,True,cumulative_importance,string_parent_keyword_mixed,23.0
xgr,over,67,object_missing_required_count,29.0,0.004142857142857143,0.8845714285714287,False,True,cumulative_importance,object_missing_required_count,29.0
xgr,over,68,array_has_min_and_max_items,28.0,0.004,0.8885714285714287,False,True,cumulative_importance,array_has_min_and_max_items,28.0
xgr,over,69,object_target_type,26.0,0.0037142857142857142,0.8922857142857143,False,True,cumulative_importance,object_target_type_mixed,12.0
xgr,over,70,object_required_case,26.0,0.0037142857142857142,0.896,False,True,cumulative_importance,object_required_case_all_required_present,17.0
xgr,over,71,additionalProperties_value,25.0,0.0035714285714285713,0.8995714285714286,False,True,cumulative_importance,additionalProperties_value_false,25.0
xgr,over,72,combinator_branch_count_min,25.0,0.0035714285714285713,0.9031428571428571,False,True,cumulative_importance,combinator_branch_count_min,25.0
xgr,over,73,schema_ref_count,25.0,0.0035714285714285713,0.9067142857142857,False,True,cumulative_importance,schema_ref_count,25.0
xgr,over,74,object_properties_count_bucket,24.0,0.0034285714285714284,0.9101428571428571,False,True,cumulative_importance,object_properties_count_bucket_4-5,17.0
xgr,over,75,combinator_branch_count_bucket,21.0,0.003,0.9131428571428571,False,True,cumulative_importance,combinator_branch_count_bucket_2,12.0
xgr,over,76,patternProperties_pattern_count,20.0,0.002857142857142857,0.916,True,True,rule_feature,patternProperties_pattern_count,20.0
xgr,over,77,branches_have_properties,20.0,0.002857142857142857,0.9188571428571429,False,True,cumulative_importance,branches_have_properties,20.0
xgr,over,78,object_additionalProperties_value,20.0,0.002857142857142857,0.9217142857142858,False,True,cumulative_importance,object_additionalProperties_value_true,7.0
xgr,over,79,schema_type_union_count,18.0,0.0025714285714285713,0.9242857142857144,False,True,cumulative_importance,schema_type_union_count,18.0
xgr,over,80,array_target_type,18.0,0.0025714285714285713,0.9268571428571429,False,True,cumulative_importance,array_target_type_mixed,11.0
xgr,over,81,object_property_count_boundary_case,18.0,0.0025714285714285713,0.9294285714285715,False,True,cumulative_importance,object_property_count_boundary_case_inside_property_count_bounds,12.0
xgr,over,82,enum_validation_case,18.0,0.0025714285714285713,0.932,False,True,cumulative_importance,enum_validation_case_not_applicable,13.0
xgr,over,83,unmatched_keys_allowed_by_additionalProperties,17.0,0.0024285714285714284,0.9344285714285715,False,True,cumulative_importance,unmatched_keys_allowed_by_additionalProperties,17.0
xgr,over,84,combinator_branch_count_avg,17.0,0.0024285714285714284,0.9368571428571429,False,True,cumulative_importance,combinator_branch_count_avg,17.0
xgr,over,85,instance_max_object_depth_bucket,16.0,0.002285714285714286,0.9391428571428573,False,True,cumulative_importance,instance_max_object_depth_bucket_2,6.0
xgr,over,86,const_validation_case,16.0,0.002285714285714286,0.9414285714285716,False,True,cumulative_importance,const_validation_case_not_applicable,16.0
xgr,over,87,allOf_count,15.0,0.002142857142857143,0.9435714285714287,False,True,cumulative_importance,allOf_count,15.0
xgr,over,88,allOf_satisfied_branch_ratio_bucket,15.0,0.002142857142857143,0.9457142857142858,False,True,cumulative_importance,allOf_satisfied_branch_ratio_bucket_0,15.0
xgr,over,89,schema_dependency_keyword_count,15.0,0.002142857142857143,0.947857142857143,False,True,cumulative_importance,schema_dependency_keyword_count,15.0
xgr,over,90,instance_number_count,15.0,0.002142857142857143,0.9500000000000001,False,False,dropped_duplicate_of_instance_num_numeric_values,instance_number_count,15.0
xgr,over,91,enum_parent_keyword,14.0,0.002,0.9500000000000001,False,False,dropped_low_impact,enum_parent_keyword_mixed,5.0
xgr,over,92,string_target_type,14.0,0.002,0.9500000000000001,False,False,dropped_low_impact,string_target_type_string,6.0
xgr,over,93,object_missing_required_count_bucket,14.0,0.002,0.9500000000000001,False,False,dropped_low_impact,object_missing_required_count_bucket_0,13.0
xgr,over,94,schema_total_properties_recursive_bucket,13.0,0.0018571428571428571,0.9500000000000001,False,False,dropped_low_impact,schema_total_properties_recursive_bucket_4-5,5.0
xgr,over,95,anyOf_count,12.0,0.0017142857142857142,0.9500000000000001,False,False,dropped_low_impact,anyOf_count,12.0
xgr,over,96,schema_defs_count,12.0,0.0017142857142857142,0.9500000000000001,False,False,dropped_low_impact,schema_defs_count,12.0
xgr,over,97,object_parent_keyword,12.0,0.0017142857142857142,0.9500000000000001,False,False,dropped_low_impact,object_parent_keyword_mixed,8.0
xgr,over,98,object_required_subset_of_properties,12.0,0.0017142857142857142,0.9500000000000001,False,False,dropped_low_impact,object_required_subset_of_properties,12.0
xgr,over,99,enum_contains_mixed_types,12.0,0.0017142857142857142,0.9500000000000001,False,False,dropped_low_impact,enum_contains_mixed_types,12.0
xgr,over,100,object_extra_properties_count_bucket,12.0,0.0017142857142857142,0.9500000000000001,False,False,dropped_low_impact,object_extra_properties_count_bucket_0,11.0
xgr,over,101,oneOf_count,11.0,0.0015714285714285715,0.9500000000000001,False,False,dropped_low_impact,oneOf_count,11.0
xgr,over,102,complex_keywords_same_node_max,11.0,0.0015714285714285715,0.9500000000000001,False,False,dropped_low_impact,complex_keywords_same_node_max,11.0
xgr,over,103,anyOf_satisfied_branch_count,10.0,0.0014285714285714286,0.9500000000000001,False,False,dropped_low_impact,anyOf_satisfied_branch_count,10.0
xgr,over,104,string_pattern_count,10.0,0.0014285714285714286,0.9500000000000001,False,False,dropped_low_impact,string_pattern_count,10.0
xgr,over,105,combinator_count,9.0,0.0012857142857142856,0.9500000000000001,False,False,dropped_low_impact,combinator_count,9.0
xgr,over,106,branches_have_required,9.0,0.0012857142857142856,0.9512857142857144,True,True,rule_feature,branches_have_required,9.0
xgr,over,107,string_has_minLength,9.0,0.0012857142857142856,0.9512857142857144,False,False,dropped_low_impact,string_has_minLength,9.0
xgr,over,108,string_pattern_has_anchor,9.0,0.0012857142857142856,0.9512857142857144,False,False,dropped_low_impact,string_pattern_has_anchor,9.0
xgr,over,109,allOf_satisfied_branch_ratio,8.0,0.001142857142857143,0.9512857142857144,False,False,dropped_low_impact,allOf_satisfied_branch_ratio,8.0
xgr,over,110,instance_string_max_length_bucket,8.0,0.001142857142857143,0.9512857142857144,False,False,dropped_low_impact,instance_string_max_length_bucket_4-5,8.0
xgr,over,111,additionalProperties_schema_depth,7.0,0.001,0.9512857142857144,False,False,dropped_low_impact,additionalProperties_schema_depth,7.0
xgr,over,112,instance_matching_pattern_keys_count_bucket,7.0,0.001,0.9512857142857144,False,False,dropped_low_impact,instance_matching_pattern_keys_count_bucket_0,5.0
xgr,over,113,combinator_branch_count_max,7.0,0.001,0.9512857142857144,False,False,dropped_low_impact,combinator_branch_count_max,7.0
xgr,over,114,branches_have_same_type,7.0,0.001,0.9512857142857144,False,False,dropped_low_impact,branches_have_same_type,7.0
xgr,over,115,array_items_kind,7.0,0.001,0.9512857142857144,False,False,dropped_low_impact,array_items_kind_absent,4.0
xgr,over,116,instance_null_count,7.0,0.001,0.9512857142857144,False,False,dropped_low_impact,instance_null_count,7.0
xgr,over,117,const_parent_keyword,6.0,0.0008571428571428571,0.9512857142857144,False,False,dropped_low_impact,const_parent_keyword_properties,6.0
xgr,over,118,instance_total_object_properties_recursive_bucket,6.0,0.0008571428571428571,0.9512857142857144,False,False,dropped_low_impact,instance_total_object_properties_recursive_bucket_4-5,3.0
xgr,over,119,object_extra_properties_count,6.0,0.0008571428571428571,0.9512857142857144,False,False,dropped_low_impact,object_extra_properties_count,6.0
xgr,over,120,same_node_properties_and_required,6.0,0.0008571428571428571,0.9512857142857144,False,False,dropped_low_impact,same_node_properties_and_required,6.0
xgr,over,121,has_allOf,5.0,0.0007142857142857143,0.9512857142857144,False,False,dropped_low_impact,has_allOf,5.0
xgr,over,122,same_node_combinator_and_properties,5.0,0.0007142857142857143,0.9512857142857144,False,False,dropped_low_impact,same_node_combinator_and_properties,5.0
xgr,over,123,has_anyOf,4.0,0.0005714285714285715,0.9512857142857144,False,False,dropped_low_impact,has_anyOf,4.0
xgr,over,124,branches_have_not,4.0,0.0005714285714285715,0.9512857142857144,False,False,dropped_low_impact,branches_have_not,4.0
xgr,over,125,instance_has_unmatched_keys,3.0,0.00042857142857142855,0.9512857142857144,False,False,dropped_low_impact,instance_has_unmatched_keys,3.0
xgr,over,126,has_oneOf,3.0,0.00042857142857142855,0.9512857142857144,False,False,dropped_low_impact,has_oneOf,3.0
xgr,over,127,enum_contains_null,3.0,0.00042857142857142855,0.9512857142857144,False,False,dropped_low_impact,enum_contains_null,3.0
xgr,over,128,string_has_pattern,3.0,0.00042857142857142855,0.9512857142857144,False,False,dropped_low_impact,string_has_pattern,3.0
xgr,over,129,array_has_maxItems,3.0,0.00042857142857142855,0.9512857142857144,False,False,dropped_low_impact,array_has_maxItems,3.0
xgr,over,130,patternProperties_occurrence_count,2.0,0.00028571428571428574,0.9512857142857144,False,False,dropped_low_impact,patternProperties_occurrence_count,2.0
xgr,over,131,not_sibling_keyword_count,2.0,0.00028571428571428574,0.9512857142857144,False,False,dropped_low_impact,not_sibling_keyword_count,2.0
xgr,over,132,object_has_minProperties,2.0,0.00028571428571428574,0.9512857142857144,False,False,dropped_low_impact,object_has_minProperties,2.0
xgr,over,133,string_pattern_has_repetition,2.0,0.00028571428571428574,0.9512857142857144,False,False,dropped_low_impact,string_pattern_has_repetition,2.0
xgr,over,134,instance_has_large_integer,2.0,0.00028571428571428574,0.9512857142857144,False,True,retained_numeric_domain_feature,instance_has_large_integer,2.0
xgr,over,135,instance_empty_array_count,2.0,0.00028571428571428574,0.9512857142857144,False,False,dropped_low_impact,instance_empty_array_count,2.0
xgr,over,136,type_validation_case,2.0,0.00028571428571428574,0.9512857142857144,False,False,dropped_low_impact,type_validation_case_type_match,2.0
xgr,over,137,same_node_combinator_and_required,2.0,0.00028571428571428574,0.9512857142857144,False,False,dropped_low_impact,same_node_combinator_and_required,2.0
xgr,over,138,patternProperties_regex_has_charclass,1.0,0.00014285714285714287,0.9512857142857144,False,False,dropped_low_impact,patternProperties_regex_has_charclass,1.0
xgr,over,139,patternProperties_anchor_mix,1.0,0.00014285714285714287,0.9512857142857144,False,False,dropped_low_impact,patternProperties_anchor_mix_absent,1.0
xgr,over,140,unmatched_keys_allowed_by_additionalProperties_bucket,1.0,0.00014285714285714287,0.9512857142857144,False,False,dropped_low_impact,unmatched_keys_allowed_by_additionalProperties_bucket_0,1.0
xgr,over,141,oneOf_satisfied_branch_count,1.0,0.00014285714285714287,0.9512857142857144,False,False,dropped_low_impact,oneOf_satisfied_branch_count,1.0
xgr,over,142,oneOf_satisfied_branch_count_bucket,1.0,0.00014285714285714287,0.9512857142857144,False,False,dropped_low_impact,oneOf_satisfied_branch_count_bucket_0,1.0
xgr,over,143,not_depth_min,1.0,0.00014285714285714287,0.9512857142857144,False,False,dropped_low_impact,not_depth_min,1.0
xgr,over,144,instance_satisfies_not_subschema,1.0,0.00014285714285714287,0.9512857142857144,False,False,dropped_low_impact,instance_satisfies_not_subschema_unknown,1.0
xgr,over,145,schema_keyword_count_bucket,1.0,0.00014285714285714287,0.9512857142857144,False,False,dropped_low_impact,schema_keyword_count_bucket_4-5,1.0
xgr,over,146,const_type,1.0,0.00014285714285714287,0.9512857142857144,False,False,dropped_low_impact,const_type_str,1.0
xgr,over,147,string_has_maxLength,1.0,0.00014285714285714287,0.9512857142857144,False,False,dropped_low_impact,string_has_maxLength,1.0
xgr,over,148,string_has_min_and_max_length,1.0,0.00014285714285714287,0.9512857142857144,False,False,dropped_low_impact,string_has_min_and_max_length,1.0
xgr,over,149,string_has_format,1.0,0.00014285714285714287,0.9512857142857144,False,False,dropped_low_impact,string_has_format,1.0
xgr,over,150,string_pattern_has_charclass,1.0,0.00014285714285714287,0.9512857142857144,False,False,dropped_low_impact,string_pattern_has_charclass,1.0
xgr,over,151,type_mismatch_count,1.0,0.00014285714285714287,0.9512857142857144,False,False,dropped_low_impact,type_mismatch_count,1.0
xgr,over,152,patternProperties_with_properties,0.0,0.0,0.9512857142857144,False,False,dropped_low_impact,patternProperties_with_properties,0.0
xgr,over,153,patternProperties_has_additionalProperties,0.0,0.0,0.9512857142857144,False,False,dropped_low_impact,patternProperties_has_additionalProperties,0.0
xgr,over,154,patternProperties_regex_has_anchor,0.0,0.0,0.9512857142857144,False,False,dropped_low_impact,patternProperties_regex_has_anchor,0.0
xgr,over,155,patternProperties_regex_has_dotstar,0.0,0.0,0.9512857142857144,False,False,dropped_low_impact,patternProperties_regex_has_dotstar,0.0
xgr,over,156,patternProperties_regex_has_alternation,0.0,0.0,0.9512857142857144,False,False,dropped_low_impact,patternProperties_regex_has_alternation,0.0
xgr,over,157,patternProperties_unanchored_count,0.0,0.0,0.9512857142857144,False,False,dropped_low_impact,patternProperties_unanchored_count,0.0
xgr,over,158,pattern_key_search_vs_fullmatch_mismatch_count,0.0,0.0,0.9512857142857144,False,False,dropped_low_impact,pattern_key_search_vs_fullmatch_mismatch_count,0.0
xgr,over,159,pattern_key_search_vs_fullmatch_mismatch_count_bucket,0.0,0.0,0.9512857142857144,False,False,dropped_low_impact,pattern_key_search_vs_fullmatch_mismatch_count_bucket_0,0.0
xgr,over,160,pattern_key_partial_match_ratio,0.0,0.0,0.9512857142857144,False,False,dropped_low_impact,pattern_key_partial_match_ratio,0.0
xgr,over,161,combinator_with_patternProperties,0.0,0.0,0.9512857142857144,False,False,dropped_low_impact,combinator_with_patternProperties,0.0
xgr,over,162,combinator_with_additionalProperties,0.0,0.0,0.9512857142857144,False,False,dropped_low_impact,combinator_with_additionalProperties,0.0
xgr,over,163,branches_conflicting_types,0.0,0.0,0.9512857142857144,False,False,dropped_low_impact,branches_conflicting_types,0.0
xgr,over,164,branches_have_enum,0.0,0.0,0.9512857142857144,False,False,dropped_low_impact,branches_have_enum,0.0
xgr,over,165,branches_overlapping_properties,0.0,0.0,0.9512857142857144,False,False,dropped_low_impact,branches_overlapping_properties,0.0
xgr,over,166,has_not,0.0,0.0,0.9512857142857144,False,False,dropped_low_impact,has_not,0.0
xgr,over,167,not_count,0.0,0.0,0.9512857142857144,False,False,dropped_low_impact,not_count,0.0
xgr,over,168,not_depth_max,0.0,0.0,0.9512857142857144,False,False,dropped_low_impact,not_depth_max,0.0
xgr,over,169,not_depth_avg,0.0,0.0,0.9512857142857144,False,False,dropped_low_impact,not_depth_avg,0.0
xgr,over,170,not_parent_keyword,0.0,0.0,0.9512857142857144,False,False,dropped_low_impact,not_parent_keyword_$defs,0.0
xgr,over,171,not_target_type,0.0,0.0,0.9512857142857144,False,False,dropped_low_impact,not_target_type_absent,0.0
xgr,over,172,not_contains_enum,0.0,0.0,0.9512857142857144,False,False,dropped_low_impact,not_contains_enum,0.0
xgr,over,173,not_contains_const,0.0,0.0,0.9512857142857144,False,False,dropped_low_impact,not_contains_const,0.0
xgr,over,174,not_contains_pattern,0.0,0.0,0.9512857142857144,False,False,dropped_low_impact,not_contains_pattern,0.0
xgr,over,175,not_contains_properties,0.0,0.0,0.9512857142857144,False,False,dropped_low_impact,not_contains_properties,0.0
xgr,over,176,not_contains_required,0.0,0.0,0.9512857142857144,False,False,dropped_low_impact,not_contains_required,0.0
xgr,over,177,not_contains_anyOf,0.0,0.0,0.9512857142857144,False,False,dropped_low_impact,not_contains_anyOf,0.0
xgr,over,178,not_contains_allOf,0.0,0.0,0.9512857142857144,False,False,dropped_low_impact,not_contains_allOf,0.0
xgr,over,179,not_contains_oneOf,0.0,0.0,0.9512857142857144,False,False,dropped_low_impact,not_contains_oneOf,0.0
xgr,over,180,not_sibling_keyword_count_bucket,0.0,0.0,0.9512857142857144,False,False,dropped_low_impact,not_sibling_keyword_count_bucket,0.0
xgr,over,181,schema_conditional_keyword_count,0.0,0.0,0.9512857142857144,False,False,dropped_low_impact,schema_conditional_keyword_count,0.0
xgr,over,182,schema_unevaluated_keyword_count,0.0,0.0,0.9512857142857144,False,False,dropped_low_impact,schema_unevaluated_keyword_count,0.0
xgr,over,183,schema_propertyNames_count,0.0,0.0,0.9512857142857144,False,False,dropped_low_impact,schema_propertyNames_count,0.0
xgr,over,184,schema_contains_keyword_count,0.0,0.0,0.9512857142857144,False,False,dropped_low_impact,schema_contains_keyword_count,0.0
xgr,over,185,object_has_maxProperties,0.0,0.0,0.9512857142857144,False,False,dropped_low_impact,object_has_maxProperties,0.0
xgr,over,186,object_has_min_and_max_properties,0.0,0.0,0.9512857142857144,False,False,dropped_low_impact,object_has_min_and_max_properties,0.0
xgr,over,187,object_has_propertyNames,0.0,0.0,0.9512857142857144,False,False,dropped_low_impact,object_has_propertyNames,0.0
xgr,over,188,const_context_count,0.0,0.0,0.9512857142857144,False,False,dropped_low_impact,const_context_count,0.0
xgr,over,189,const_target_type,0.0,0.0,0.9512857142857144,False,False,dropped_low_impact,const_target_type_absent,0.0
xgr,over,190,array_prefixItems_count_max,0.0,0.0,0.9512857142857144,False,False,dropped_low_impact,array_prefixItems_count_max,0.0
xgr,over,191,array_prefixItems_count_bucket,0.0,0.0,0.9512857142857144,False,False,dropped_low_impact,array_prefixItems_count_bucket_0,0.0
xgr,over,192,array_has_uniqueItems,0.0,0.0,0.9512857142857144,False,False,dropped_low_impact,array_has_uniqueItems,0.0
xgr,over,193,array_has_contains,0.0,0.0,0.9512857142857144,False,False,dropped_low_impact,array_has_contains,0.0
xgr,over,194,array_has_minContains,0.0,0.0,0.9512857142857144,False,False,dropped_low_impact,array_has_minContains,0.0
xgr,over,195,array_has_maxContains,0.0,0.0,0.9512857142857144,False,False,dropped_low_impact,array_has_maxContains,0.0
xgr,over,196,instance_type,0.0,0.0,0.9512857142857144,False,False,dropped_low_impact,instance_type_array,0.0
xgr,over,197,instance_has_int32_boundary_risk,0.0,0.0,0.9512857142857144,False,True,retained_numeric_domain_feature,instance_has_int32_boundary_risk,0.0
xgr,over,198,instance_strings_matching_pattern_count,0.0,0.0,0.9512857142857144,False,False,dropped_low_impact,instance_strings_matching_pattern_count,0.0
xgr,over,199,type_mismatch_count_bucket,0.0,0.0,0.9512857142857144,False,False,dropped_low_impact,type_mismatch_count_bucket_0,0.0
xgr,over,200,object_property_bound_violation_count,0.0,0.0,0.9512857142857144,False,False,dropped_low_impact,object_property_bound_violation_count,0.0
xgr,over,201,object_property_bound_violation_count_bucket,0.0,0.0,0.9512857142857144,False,False,dropped_low_impact,object_property_bound_violation_count_bucket_0,0.0
xgr,over,202,array_invalid_items_count,0.0,0.0,0.9512857142857144,False,False,dropped_low_impact,array_invalid_items_count,0.0
xgr,over,203,array_invalid_items_count_bucket,0.0,0.0,0.9512857142857144,False,False,dropped_low_impact,array_invalid_items_count_bucket_0,0.0
xgr,over,204,array_length_violation_count,0.0,0.0,0.9512857142857144,False,False,dropped_low_impact,array_length_violation_count,0.0
xgr,over,205,array_length_violation_count_bucket,0.0,0.0,0.9512857142857144,False,False,dropped_low_impact,array_length_violation_count_bucket_0,0.0
xgr,over,206,array_unique_items_violation_count,0.0,0.0,0.9512857142857144,False,False,dropped_low_impact,array_unique_items_violation_count,0.0
xgr,over,207,array_contains_violation_count,0.0,0.0,0.9512857142857144,False,False,dropped_low_impact,array_contains_violation_count,0.0
xgr,over,208,array_contains_violation_count_bucket,0.0,0.0,0.9512857142857144,False,False,dropped_low_impact,array_contains_violation_count_bucket_0,0.0
xgr,over,209,same_node_combinator_and_numeric,0.0,0.0,0.9512857142857144,False,False,dropped_low_impact,same_node_combinator_and_numeric,0.0
xgr,over,210,branches_have_different_type,0,0,,False,True,retained_combinator_domain_feature,branches_have_different_type,0
xgr,over,211,combinator_same_type_count,0,0,,False,True,retained_combinator_domain_feature,combinator_same_type_count,0
xgr,over,212,combinator_different_type_count,0,0,,False,True,retained_combinator_domain_feature,combinator_different_type_count,0
xgr,over,213,combinator_same_type_ratio,0,0,,False,True,retained_combinator_domain_feature,combinator_same_type_ratio,0
xgr,over,214,combinator_different_type_ratio,0,0,,False,True,retained_combinator_domain_feature,combinator_different_type_ratio,0
xgr,over,215,combinator_have_required_count,0,0,,False,True,retained_combinator_domain_feature,combinator_have_required_count,0
xgr,over,216,combinator_have_properties_count,0,0,,False,True,retained_combinator_domain_feature,combinator_have_properties_count,0
xgr,over,217,combinator_have_numeric_count,0,0,,False,True,retained_combinator_domain_feature,combinator_have_numeric_count,0
xgr,over,218,combinator_have_not_count,0,0,,False,True,retained_combinator_domain_feature,combinator_have_not_count,0
xgr,over,219,combinator_have_additionalProperties_count,0,0,,False,True,retained_combinator_domain_feature,combinator_have_additionalProperties_count,0
xgr,over,220,branches_with_required_count,0,0,,False,True,retained_combinator_domain_feature,branches_with_required_count,0
xgr,over,221,branches_with_properties_count,0,0,,False,True,retained_combinator_domain_feature,branches_with_properties_count,0
xgr,over,222,branches_with_numeric_count,0,0,,False,True,retained_combinator_domain_feature,branches_with_numeric_count,0
xgr,over,223,branches_with_not_count,0,0,,False,True,retained_combinator_domain_feature,branches_with_not_count,0
xgr,over,224,branches_with_additionalProperties_count,0,0,,False,True,retained_combinator_domain_feature,branches_with_additionalProperties_count,0
xgr,over,225,branches_with_additionalProperties_true_count,0,0,,False,True,retained_combinator_domain_feature,branches_with_additionalProperties_true_count,0
xgr,over,226,branches_with_additionalProperties_false_count,0,0,,False,True,retained_combinator_domain_feature,branches_with_additionalProperties_false_count,0
xgr,over,227,branches_with_additionalProperties_schema_count,0,0,,False,True,retained_combinator_domain_feature,branches_with_additionalProperties_schema_count,0
xgr,over,228,branches_with_required_ratio,0,0,,False,True,retained_combinator_domain_feature,branches_with_required_ratio,0
xgr,over,229,branches_with_properties_ratio,0,0,,False,True,retained_combinator_domain_feature,branches_with_properties_ratio,0
xgr,over,230,branches_with_numeric_ratio,0,0,,False,True,retained_combinator_domain_feature,branches_with_numeric_ratio,0
xgr,over,231,branches_with_not_ratio,0,0,,False,True,retained_combinator_domain_feature,branches_with_not_ratio,0
xgr,over,232,branches_with_additionalProperties_ratio,0,0,,False,True,retained_combinator_domain_feature,branches_with_additionalProperties_ratio,0
xgr,over,233,combinator_with_additionalProperties_true,0,0,,False,True,retained_combinator_domain_feature,combinator_with_additionalProperties_true,0
xgr,over,234,combinator_with_additionalProperties_false,0,0,,False,True,retained_combinator_domain_feature,combinator_with_additionalProperties_false,0
xgr,over,235,combinator_with_additionalProperties_schema,0,0,,False,True,retained_combinator_domain_feature,combinator_with_additionalProperties_schema,0
xgr,over,236,allOf_is_satisfied_for_instance,0,0,,False,True,retained_combinator_domain_feature,allOf_is_satisfied_for_instance,0
xgr,over,237,anyOf_is_satisfied_for_instance,0,0,,False,True,retained_combinator_domain_feature,anyOf_is_satisfied_for_instance,0
xgr,over,238,oneOf_is_satisfied_for_instance,0,0,,False,True,retained_combinator_domain_feature,oneOf_is_satisfied_for_instance,0
xgr,over,239,allOf_occurrence_satisfied_count,0,0,,False,True,retained_combinator_domain_feature,allOf_occurrence_satisfied_count,0
xgr,over,240,allOf_occurrence_failed_count,0,0,,False,True,retained_combinator_domain_feature,allOf_occurrence_failed_count,0
xgr,over,241,allOf_satisfied_all_branch_count,0,0,,False,True,retained_combinator_domain_feature,allOf_satisfied_all_branch_count,0
xgr,over,242,allOf_ratio_min,0,0,,False,True,retained_combinator_domain_feature,allOf_ratio_min,0
xgr,over,243,allOf_ratio_max,0,0,,False,True,retained_combinator_domain_feature,allOf_ratio_max,0
xgr,over,244,allOf_ratio_avg,0,0,,False,True,retained_combinator_domain_feature,allOf_ratio_avg,0
xgr,over,245,anyOf_occurrence_satisfied_count,0,0,,False,True,retained_combinator_domain_feature,anyOf_occurrence_satisfied_count,0
xgr,over,246,anyOf_occurrence_failed_count,0,0,,False,True,retained_combinator_domain_feature,anyOf_occurrence_failed_count,0
xgr,over,247,anyOf_satisfied_all_branch_count,0,0,,False,True,retained_combinator_domain_feature,anyOf_satisfied_all_branch_count,0
xgr,over,248,anyOf_ratio_min,0,0,,False,True,retained_combinator_domain_feature,anyOf_ratio_min,0
xgr,over,249,anyOf_ratio_max,0,0,,False,True,retained_combinator_domain_feature,anyOf_ratio_max,0
xgr,over,250,anyOf_ratio_avg,0,0,,False,True,retained_combinator_domain_feature,anyOf_ratio_avg,0
xgr,over,251,oneOf_occurrence_satisfied_count,0,0,,False,True,retained_combinator_domain_feature,oneOf_occurrence_satisfied_count,0
xgr,over,252,oneOf_occurrence_failed_count,0,0,,False,True,retained_combinator_domain_feature,oneOf_occurrence_failed_count,0
xgr,over,253,oneOf_satisfied_all_branch_count,0,0,,False,True,retained_combinator_domain_feature,oneOf_satisfied_all_branch_count,0
xgr,over,254,oneOf_ratio_min,0,0,,False,True,retained_combinator_domain_feature,oneOf_ratio_min,0
xgr,over,255,oneOf_ratio_max,0,0,,False,True,retained_combinator_domain_feature,oneOf_ratio_max,0
xgr,over,256,oneOf_ratio_avg,0,0,,False,True,retained_combinator_domain_feature,oneOf_ratio_avg,0
